[
    {
        "fields": {
            "name": "Demo W2H",
            "notes": null
        },
        "model": "hire.company",
        "pk": 12
    },
    {
        "fields": {
            "name": "Shrinking World Solutions",
            "notes": null
        },
        "model": "hire.company",
        "pk": 13
    },
    {
        "fields": {
            "name": "Demo Company",
            "notes": null
        },
        "model": "hire.company",
        "pk": 14
    },
    {
        "fields": {
            "name": "QS Nurses",
            "notes": null
        },
        "model": "hire.company",
        "pk": 15
    },
    {
        "fields": {
            "name": "Code Geek",
            "notes": null
        },
        "model": "hire.company",
        "pk": 16
    },
    {
        "fields": {
            "name": "Boulder Recruiters",
            "notes": null
        },
        "model": "hire.company",
        "pk": 17
    },
    {
        "fields": {
            "company": 12,
            "name": "Stacie Demo",
            "phone": "9705909146",
            "user": 41
        },
        "model": "hire.manager",
        "pk": 14
    },
    {
        "fields": {
            "company": 13,
            "name": "Mark Shrinking",
            "phone": "9704816240",
            "user": 46
        },
        "model": "hire.manager",
        "pk": 15
    },
    {
        "fields": {
            "company": 14,
            "name": "Mark Demo",
            "phone": "999-555-1212",
            "user": 47
        },
        "model": "hire.manager",
        "pk": 16
    },
    {
        "fields": {
            "company": 15,
            "name": "Renee Miller",
            "phone": "877-530-7262",
            "user": 50
        },
        "model": "hire.manager",
        "pk": 17
    },
    {
        "fields": {
            "company": 16,
            "name": "Ron Z",
            "phone": "9702270489",
            "user": 53
        },
        "model": "hire.manager",
        "pk": 18
    },
    {
        "fields": {
            "company": 16,
            "name": "Rebecca Gilmore",
            "phone": "x",
            "user": 54
        },
        "model": "hire.manager",
        "pk": 19
    },
    {
        "fields": {
            "company": 17,
            "name": "Jesse SantaCruz",
            "phone": "x",
            "user": 55
        },
        "model": "hire.manager",
        "pk": 20
    },
    {
        "fields": {
            "description": "Resolve customer complaints via phone, email, mail, or social media. Use telephones to reach out to customers and verify account information. Greet customers warmly and ascertain problem or reason for calling. Assist with placement of orders, refunds, or exchanges.",
            "is_template": false,
            "manager": 14,
            "skill_analysis": null,
            "title": "Customer Service Representative"
        },
        "model": "hire.opening",
        "pk": 20
    },
    {
        "fields": {
            "description": "Supervise Customer Service Representatives. Handle scheduling and problem escalation.",
            "is_template": false,
            "manager": 14,
            "skill_analysis": null,
            "title": "Customer Service Supervisor"
        },
        "model": "hire.opening",
        "pk": 21
    },
    {
        "fields": {
            "description": "Grow company while maintaining health",
            "is_template": false,
            "manager": 15,
            "skill_analysis": null,
            "title": "CEO"
        },
        "model": "hire.opening",
        "pk": 22
    },
    {
        "fields": {
            "description": "Grow company while maintaining health",
            "is_template": false,
            "manager": 15,
            "skill_analysis": null,
            "title": "Manager: Job ID #24"
        },
        "model": "hire.opening",
        "pk": 24
    },
    {
        "fields": {
            "description": "Run the company",
            "is_template": false,
            "manager": 16,
            "skill_analysis": null,
            "title": "CEO"
        },
        "model": "hire.opening",
        "pk": 25
    },
    {
        "fields": {
            "description": "Full-stack software developer with extensive experience in Ruby on Rails, PHP, and custom WP development (among other things).",
            "is_template": false,
            "manager": 18,
            "skill_analysis": null,
            "title": "Senior Web Developer"
        },
        "model": "hire.opening",
        "pk": 37
    },
    {
        "fields": {
            "description": "Grow company while maintaining health",
            "is_template": false,
            "manager": 15,
            "skill_analysis": null,
            "title": "CEO: Job ID #39"
        },
        "model": "hire.opening",
        "pk": 39
    },
    {
        "fields": {
            "description": "As needed",
            "is_template": false,
            "manager": 14,
            "skill_analysis": null,
            "title": "Receptionist"
        },
        "model": "hire.opening",
        "pk": 48
    },
    {
        "fields": {
            "description": "See official job descriptions.",
            "is_template": true,
            "manager": 17,
            "skill_analysis": null,
            "title": "CNA or CMA Template"
        },
        "model": "hire.opening",
        "pk": 50
    },
    {
        "fields": {
            "description": "See official job descriptions.",
            "is_template": true,
            "manager": 17,
            "skill_analysis": null,
            "title": "RN Template"
        },
        "model": "hire.opening",
        "pk": 52
    },
    {
        "fields": {
            "description": "See official job descriptions.",
            "is_template": true,
            "manager": 17,
            "skill_analysis": null,
            "title": "LPN Template"
        },
        "model": "hire.opening",
        "pk": 54
    },
    {
        "fields": {
            "description": "See official job descriptions.",
            "is_template": false,
            "manager": 14,
            "skill_analysis": null,
            "title": "HR Coordinator"
        },
        "model": "hire.opening",
        "pk": 59
    },
    {
        "fields": {
            "description": "See official job descriptions.",
            "is_template": false,
            "manager": 17,
            "skill_analysis": null,
            "title": "RN: Job ID #61"
        },
        "model": "hire.opening",
        "pk": 61
    },
    {
        "fields": {
            "name": "Interview Round #1",
            "opening": 20
        },
        "model": "hire.session",
        "pk": 21
    },
    {
        "fields": {
            "name": "Interview Round #2",
            "opening": 20
        },
        "model": "hire.session",
        "pk": 22
    },
    {
        "fields": {
            "name": "Interview Round #1",
            "opening": 21
        },
        "model": "hire.session",
        "pk": 23
    },
    {
        "fields": {
            "name": "Interview Round #2",
            "opening": 21
        },
        "model": "hire.session",
        "pk": 24
    },
    {
        "fields": {
            "name": "Interview Round #1",
            "opening": 22
        },
        "model": "hire.session",
        "pk": 25
    },
    {
        "fields": {
            "name": "Interview Round #1",
            "opening": 24
        },
        "model": "hire.session",
        "pk": 26
    },
    {
        "fields": {
            "name": "Interview Round #1",
            "opening": 37
        },
        "model": "hire.session",
        "pk": 32
    },
    {
        "fields": {
            "name": "Interview Round #2",
            "opening": 37
        },
        "model": "hire.session",
        "pk": 33
    },
    {
        "fields": {
            "name": "Interview Round #1",
            "opening": 59
        },
        "model": "hire.session",
        "pk": 43
    },
    {
        "fields": {
            "name": "Interview Round #1",
            "opening": 61
        },
        "model": "hire.session",
        "pk": 44
    },
    {
        "fields": {
            "definition": null,
            "is_performance_skill": false,
            "name": "High School diploma or G.E.D.",
            "opening": 20,
            "priority": 1
        },
        "model": "hire.skill",
        "pk": 364
    },
    {
        "fields": {
            "definition": null,
            "is_performance_skill": true,
            "name": "Communication (Verbal)",
            "opening": 20,
            "priority": 1
        },
        "model": "hire.skill",
        "pk": 365
    },
    {
        "fields": {
            "definition": null,
            "is_performance_skill": true,
            "name": "Customer Service",
            "opening": 20,
            "priority": 1
        },
        "model": "hire.skill",
        "pk": 368
    },
    {
        "fields": {
            "definition": null,
            "is_performance_skill": true,
            "name": "Humble",
            "opening": 20,
            "priority": 1
        },
        "model": "hire.skill",
        "pk": 369
    },
    {
        "fields": {
            "definition": null,
            "is_performance_skill": true,
            "name": "Hungry",
            "opening": 20,
            "priority": 1
        },
        "model": "hire.skill",
        "pk": 370
    },
    {
        "fields": {
            "definition": null,
            "is_performance_skill": true,
            "name": "People Smart",
            "opening": 20,
            "priority": 1
        },
        "model": "hire.skill",
        "pk": 372
    },
    {
        "fields": {
            "definition": null,
            "is_performance_skill": false,
            "name": "High School diploma or G.E.D.",
            "opening": 21,
            "priority": 1
        },
        "model": "hire.skill",
        "pk": 374
    },
    {
        "fields": {
            "definition": null,
            "is_performance_skill": false,
            "name": "Some college or vocational school preferred.",
            "opening": 21,
            "priority": 1
        },
        "model": "hire.skill",
        "pk": 375
    },
    {
        "fields": {
            "definition": null,
            "is_performance_skill": false,
            "name": "3-5 years of experience in customer service.",
            "opening": 21,
            "priority": 1
        },
        "model": "hire.skill",
        "pk": 376
    },
    {
        "fields": {
            "definition": null,
            "is_performance_skill": true,
            "name": "Communication (Verbal)",
            "opening": 21,
            "priority": 1
        },
        "model": "hire.skill",
        "pk": 377
    },
    {
        "fields": {
            "definition": null,
            "is_performance_skill": true,
            "name": "Communication (Written)",
            "opening": 21,
            "priority": 1
        },
        "model": "hire.skill",
        "pk": 378
    },
    {
        "fields": {
            "definition": null,
            "is_performance_skill": true,
            "name": "Performance Management",
            "opening": 21,
            "priority": 1
        },
        "model": "hire.skill",
        "pk": 379
    },
    {
        "fields": {
            "definition": null,
            "is_performance_skill": true,
            "name": "Trainer/Teaching Skills",
            "opening": 21,
            "priority": 1
        },
        "model": "hire.skill",
        "pk": 380
    },
    {
        "fields": {
            "definition": null,
            "is_performance_skill": false,
            "name": "Experience at building companies",
            "opening": 22,
            "priority": 1
        },
        "model": "hire.skill",
        "pk": 381
    },
    {
        "fields": {
            "definition": null,
            "is_performance_skill": true,
            "name": "Accountability",
            "opening": 22,
            "priority": 1
        },
        "model": "hire.skill",
        "pk": 382
    },
    {
        "fields": {
            "definition": null,
            "is_performance_skill": true,
            "name": "Leadership Skills",
            "opening": 22,
            "priority": 1
        },
        "model": "hire.skill",
        "pk": 383
    },
    {
        "fields": {
            "definition": null,
            "is_performance_skill": false,
            "name": "Experience at building companies",
            "opening": 24,
            "priority": 1
        },
        "model": "hire.skill",
        "pk": 387
    },
    {
        "fields": {
            "definition": null,
            "is_performance_skill": true,
            "name": "Accountability",
            "opening": 24,
            "priority": 1
        },
        "model": "hire.skill",
        "pk": 388
    },
    {
        "fields": {
            "definition": null,
            "is_performance_skill": true,
            "name": "Leadership Skills",
            "opening": 24,
            "priority": 1
        },
        "model": "hire.skill",
        "pk": 389
    },
    {
        "fields": {
            "definition": null,
            "is_performance_skill": false,
            "name": "Deep knowledge of HTML, CSS, JavaScript, AJAX, and PHP",
            "opening": 37,
            "priority": 1
        },
        "model": "hire.skill",
        "pk": 466
    },
    {
        "fields": {
            "definition": null,
            "is_performance_skill": false,
            "name": "Solid experience with custom WordPress development",
            "opening": 37,
            "priority": 1
        },
        "model": "hire.skill",
        "pk": 467
    },
    {
        "fields": {
            "definition": null,
            "is_performance_skill": false,
            "name": "Solid experience with Apache, MySQL, and Git",
            "opening": 37,
            "priority": 1
        },
        "model": "hire.skill",
        "pk": 468
    },
    {
        "fields": {
            "definition": null,
            "is_performance_skill": false,
            "name": "Unix server setup, Unix command line, and Apache configuration knowledge",
            "opening": 37,
            "priority": 1
        },
        "model": "hire.skill",
        "pk": 469
    },
    {
        "fields": {
            "definition": null,
            "is_performance_skill": true,
            "name": "Analytical Problem Solving",
            "opening": 37,
            "priority": 1
        },
        "model": "hire.skill",
        "pk": 470
    },
    {
        "fields": {
            "definition": null,
            "is_performance_skill": true,
            "name": "Humble",
            "opening": 37,
            "priority": 1
        },
        "model": "hire.skill",
        "pk": 471
    },
    {
        "fields": {
            "definition": null,
            "is_performance_skill": true,
            "name": "Results Focused",
            "opening": 37,
            "priority": 1
        },
        "model": "hire.skill",
        "pk": 472
    },
    {
        "fields": {
            "definition": null,
            "is_performance_skill": true,
            "name": "Teamwork",
            "opening": 37,
            "priority": 1
        },
        "model": "hire.skill",
        "pk": 473
    },
    {
        "fields": {
            "definition": null,
            "is_performance_skill": false,
            "name": "Experience at building companies",
            "opening": 39,
            "priority": 1
        },
        "model": "hire.skill",
        "pk": 481
    },
    {
        "fields": {
            "definition": null,
            "is_performance_skill": true,
            "name": "Accountability",
            "opening": 39,
            "priority": 1
        },
        "model": "hire.skill",
        "pk": 482
    },
    {
        "fields": {
            "definition": null,
            "is_performance_skill": true,
            "name": "Leadership Skills",
            "opening": 39,
            "priority": 1
        },
        "model": "hire.skill",
        "pk": 483
    },
    {
        "fields": {
            "definition": " Takes responsibility for decisions made, actions taken, and assignments completed; takes ownership for one's performance. ",
            "is_performance_skill": true,
            "name": "Accountability",
            "opening": null,
            "priority": 1
        },
        "model": "hire.skill",
        "pk": 539
    },
    {
        "fields": {
            "definition": " Able to modify one's own behavioral style to respond to the needs of others while maintaining one's own objectives and sense of dignity.",
            "is_performance_skill": true,
            "name": "Adaptability",
            "opening": null,
            "priority": 1
        },
        "model": "hire.skill",
        "pk": 540
    },
    {
        "fields": {
            "definition": " Able to use a systematic approach in solving problems through analysis of problem and evaluation of alternate solutions; use logic, mathematics, or other problem solving tools in data analysis or in generating solutions.  ",
            "is_performance_skill": true,
            "name": "Analytical Problem Solving",
            "opening": null,
            "priority": 1
        },
        "model": "hire.skill",
        "pk": 541
    },
    {
        "fields": {
            "definition": " Insight into motivation based on general career goals.",
            "is_performance_skill": true,
            "name": "Career",
            "opening": null,
            "priority": 1
        },
        "model": "hire.skill",
        "pk": 542
    },
    {
        "fields": {
            "definition": " Able to understand process improvements and implement new procedures to achieve the goals of the change.",
            "is_performance_skill": true,
            "name": "Change Introduction/Adoption",
            "opening": null,
            "priority": 1
        },
        "model": "hire.skill",
        "pk": 543
    },
    {
        "fields": {
            "definition": " Shows respect and value for the skills, experiences, creativity, and contributions of group members. Able to work with others in a joint intellectual effort with colleagues and customers.",
            "is_performance_skill": true,
            "name": "Collaboration",
            "opening": null,
            "priority": 1
        },
        "model": "hire.skill",
        "pk": 544
    },
    {
        "fields": {
            "definition": " Able to clearly present information through the spoken word; influence or persuade others through oral presentation in positive or negative circumstances; listen well.",
            "is_performance_skill": true,
            "name": "Communication (Verbal)",
            "opening": null,
            "priority": 1
        },
        "model": "hire.skill",
        "pk": 545
    },
    {
        "fields": {
            "definition": " Able to write clearly and effectively present ideas and to document activities; to read and interpret written information.",
            "is_performance_skill": true,
            "name": "Communication (Written)",
            "opening": null,
            "priority": 1
        },
        "model": "hire.skill",
        "pk": 546
    },
    {
        "fields": {
            "definition": " Able to identify and handle conflicts sensibly, fairly, and efficiently.",
            "is_performance_skill": true,
            "name": "Conflict Resolution",
            "opening": null,
            "priority": 1
        },
        "model": "hire.skill",
        "pk": 547
    },
    {
        "fields": {
            "definition": " Able to develop unique and novel solutions to problems; use intuition and a new way of thinking to give birth to new ideas; to present information in an attention-getting and interesting manner.",
            "is_performance_skill": true,
            "name": "Creativity",
            "opening": null,
            "priority": 1
        },
        "model": "hire.skill",
        "pk": 548
    },
    {
        "fields": {
            "definition": " Keeps internal and/or external customers in mind at all times. Strives to proactively address customer concerns and needs.  Assists business partners and customers  achieve their work goals via application of their own skills and knowledge; strives to provide consistent customer satisfaction.",
            "is_performance_skill": true,
            "name": "Customer Service",
            "opening": null,
            "priority": 1
        },
        "model": "hire.skill",
        "pk": 549
    },
    {
        "fields": {
            "definition": " Able to make decisions on available information and take action; make commitments and not change decisions when challenged; deal with emergencies as necessary.",
            "is_performance_skill": true,
            "name": "Decision Making",
            "opening": null,
            "priority": 1
        },
        "model": "hire.skill",
        "pk": 550
    },
    {
        "fields": {
            "definition": " Able to give another party a certain degree of discretion that's not inherent in their role--the right to make decisions that are officially tied to your role and for which you are ultimately responsible. Can delegate with forethought and planning in a way that capitalizes on opportunities.",
            "is_performance_skill": true,
            "name": "Delegation",
            "opening": null,
            "priority": 1
        },
        "model": "hire.skill",
        "pk": 551
    },
    {
        "fields": {
            "definition": " Able to pay attention to the details and can make a conscious effort to understand causes instead of just the effects. Patience and determination to explore the problem and all of its elements until the reasoning has been found so that it can be resolved accurately.",
            "is_performance_skill": true,
            "name": "Detail-Oriented",
            "opening": null,
            "priority": 1
        },
        "model": "hire.skill",
        "pk": 552
    },
    {
        "fields": {
            "definition": " Monitoring a job, enquiry, sale, etc., to get feedback on the schedule, requirements, effectiveness, or other such factors. Checks for errors and takes corrective action as needed so that deviation from standards are minimized and stated goals of the organization are achieved.",
            "is_performance_skill": true,
            "name": "Follow up and Control",
            "opening": null,
            "priority": 1
        },
        "model": "hire.skill",
        "pk": 553
    },
    {
        "fields": {
            "definition": " Quick to point out the contributions of others and slow to seek attention for their own. They share credit, emphasize team over self, and define success collectively rather than individually.",
            "is_performance_skill": true,
            "name": "Humble",
            "opening": null,
            "priority": 1
        },
        "model": "hire.skill",
        "pk": 554
    },
    {
        "fields": {
            "definition": " A manageable and sustainable commitment to doing a job well and going above and beyond when it is truly required. Always looking for more things to do, more to learn, more responsibility to take on. Self-motivated and diligent. Constantly thinking about the next step and the next opportunity. Loathe the idea that they might be perceived as slackers.",
            "is_performance_skill": true,
            "name": "Hungry",
            "opening": null,
            "priority": 1
        },
        "model": "hire.skill",
        "pk": 555
    },
    {
        "fields": {
            "definition": " Evaluates, selects and acts on strategies for solving problems and meeting objectives before being asked to do so. Begins actions to influence events and/or to achieve goals. Sees opportunities for action and acts on them.",
            "is_performance_skill": true,
            "name": "Initiative",
            "opening": null,
            "priority": 1
        },
        "model": "hire.skill",
        "pk": 556
    },
    {
        "fields": {
            "definition": " Having the character to do the right thing when no one else is around. Chooses commitments responsibly and follows through on those commitments to completion. Refrains from cheating and lying. Sets appropriate expectations.",
            "is_performance_skill": true,
            "name": "Integrity",
            "opening": null,
            "priority": 1
        },
        "model": "hire.skill",
        "pk": 557
    },
    {
        "fields": {
            "definition": " Able to delegate, inspire and communicate effectively.",
            "is_performance_skill": true,
            "name": "Leadership Skills",
            "opening": null,
            "priority": 1
        },
        "model": "hire.skill",
        "pk": 558
    },
    {
        "fields": {
            "definition": " Being able to understand the other side's motivations and leverage and reach a win-win resolution that you find favorably, satisfies both sides, and maintains relationships for future interactions.",
            "is_performance_skill": true,
            "name": "Negotiating",
            "opening": null,
            "priority": 1
        },
        "model": "hire.skill",
        "pk": 559
    },
    {
        "fields": {
            "definition": " An individual's common sense about people that enables them to be interpersonally appropriate and aware. Tend to know what is happening in a group situation and how to deal with others in the most effective way. They ask good questions, listen to what others are saying, and stay engaged in conversations intently.",
            "is_performance_skill": true,
            "name": "People Smart",
            "opening": null,
            "priority": 1
        },
        "model": "hire.skill",
        "pk": 560
    },
    {
        "fields": {
            "definition": " Able to manage an ongoing process of communication between a supervisor and an employee that occurs throughout the year, in support of accomplishing the strategic objectives of the organization. The communication process includes clarifying expectations, setting objectives, identifying goals, providing feedback, and reviewing results. ",
            "is_performance_skill": true,
            "name": "Performance Management",
            "opening": null,
            "priority": 1
        },
        "model": "hire.skill",
        "pk": 561
    },
    {
        "fields": {
            "definition": " Approaches others in a pleasant, upbeat manner; maintains enthusiasm despite challenges and/or criticism of ideas.",
            "is_performance_skill": true,
            "name": "Positive Attitude",
            "opening": null,
            "priority": 1
        },
        "model": "hire.skill",
        "pk": 562
    },
    {
        "fields": {
            "definition": " Effectively presenting your work results and ideas formally to an audience that captivates their attention, engage their input, and motivates them to act in accordance to your desired outcome.",
            "is_performance_skill": true,
            "name": "Presentation Skills",
            "opening": null,
            "priority": 1
        },
        "model": "hire.skill",
        "pk": 563
    },
    {
        "fields": {
            "definition": " Able to recognize and use information about organizational climate and key individuals to accomplish legitimate organizational goals; be aware of the importance of timing, politics, and group processes in managing change. ",
            "is_performance_skill": true,
            "name": "Reading the System",
            "opening": null,
            "priority": 1
        },
        "model": "hire.skill",
        "pk": 564
    },
    {
        "fields": {
            "definition": " Able to work on important issues first, staying with a plan of action or point of view until the desired goal has been obtained or is no longer reasonably attainable. Can recognize opportunities, act on them, and look for ways to quickly overcome barriers. Able to persevere in the face of adversity or opposition.",
            "is_performance_skill": true,
            "name": "Results Focused",
            "opening": null,
            "priority": 1
        },
        "model": "hire.skill",
        "pk": 565
    },
    {
        "fields": {
            "definition": " Able to work with others to achieve a common aim; using their individual skills and providing constructive feedback, despite any personal conflict between individuals.",
            "is_performance_skill": true,
            "name": "Teamwork",
            "opening": null,
            "priority": 1
        },
        "model": "hire.skill",
        "pk": 566
    },
    {
        "fields": {
            "definition": " Able to withhold action or speech in the absence of important information; deal with unresolved situations, frequent change, delays or unexpected events.",
            "is_performance_skill": true,
            "name": "Tolerance of Ambiguity",
            "opening": null,
            "priority": 1
        },
        "model": "hire.skill",
        "pk": 567
    },
    {
        "fields": {
            "definition": " Able to provide organized activity aimed at imparting information and/or instructions to improve the recipient's performance or to help them attain a required level of knowledge or skill. Can develop tip sheets and other training materials.",
            "is_performance_skill": true,
            "name": "Trainer/Teaching Skills",
            "opening": null,
            "priority": 1
        },
        "model": "hire.skill",
        "pk": 568
    },
    {
        "fields": {
            "definition": null,
            "is_performance_skill": true,
            "name": "Hungry",
            "opening": 48,
            "priority": 1
        },
        "model": "hire.skill",
        "pk": 569
    },
    {
        "fields": {
            "definition": null,
            "is_performance_skill": false,
            "name": "CPR and current TB test.",
            "opening": 50,
            "priority": 1
        },
        "model": "hire.skill",
        "pk": 577
    },
    {
        "fields": {
            "definition": null,
            "is_performance_skill": false,
            "name": "High School diploma or G.E.D.",
            "opening": 50,
            "priority": 1
        },
        "model": "hire.skill",
        "pk": 578
    },
    {
        "fields": {
            "definition": null,
            "is_performance_skill": false,
            "name": "One year current experience.",
            "opening": 50,
            "priority": 1
        },
        "model": "hire.skill",
        "pk": 579
    },
    {
        "fields": {
            "definition": null,
            "is_performance_skill": false,
            "name": "Active license in Kansas.",
            "opening": 50,
            "priority": 1
        },
        "model": "hire.skill",
        "pk": 580
    },
    {
        "fields": {
            "definition": null,
            "is_performance_skill": true,
            "name": "Humble",
            "opening": 50,
            "priority": 1
        },
        "model": "hire.skill",
        "pk": 581
    },
    {
        "fields": {
            "definition": null,
            "is_performance_skill": true,
            "name": "Hungry",
            "opening": 50,
            "priority": 1
        },
        "model": "hire.skill",
        "pk": 582
    },
    {
        "fields": {
            "definition": null,
            "is_performance_skill": true,
            "name": "People Smart",
            "opening": 50,
            "priority": 1
        },
        "model": "hire.skill",
        "pk": 583
    },
    {
        "fields": {
            "definition": null,
            "is_performance_skill": false,
            "name": "Active license in Kansas.",
            "opening": 52,
            "priority": 1
        },
        "model": "hire.skill",
        "pk": 591
    },
    {
        "fields": {
            "definition": null,
            "is_performance_skill": false,
            "name": "Current TB test.",
            "opening": 52,
            "priority": 1
        },
        "model": "hire.skill",
        "pk": 592
    },
    {
        "fields": {
            "definition": null,
            "is_performance_skill": false,
            "name": "BLS certification",
            "opening": 52,
            "priority": 1
        },
        "model": "hire.skill",
        "pk": 593
    },
    {
        "fields": {
            "definition": null,
            "is_performance_skill": false,
            "name": "One year current experience in specialty.",
            "opening": 52,
            "priority": 1
        },
        "model": "hire.skill",
        "pk": 594
    },
    {
        "fields": {
            "definition": null,
            "is_performance_skill": true,
            "name": "Humble",
            "opening": 52,
            "priority": 1
        },
        "model": "hire.skill",
        "pk": 595
    },
    {
        "fields": {
            "definition": null,
            "is_performance_skill": true,
            "name": "Hungry",
            "opening": 52,
            "priority": 1
        },
        "model": "hire.skill",
        "pk": 596
    },
    {
        "fields": {
            "definition": null,
            "is_performance_skill": true,
            "name": "People Smart",
            "opening": 52,
            "priority": 1
        },
        "model": "hire.skill",
        "pk": 597
    },
    {
        "fields": {
            "definition": null,
            "is_performance_skill": false,
            "name": "BLS certificate and TB test.",
            "opening": 54,
            "priority": 1
        },
        "model": "hire.skill",
        "pk": 604
    },
    {
        "fields": {
            "definition": null,
            "is_performance_skill": false,
            "name": "Active LPN license in the state of Kansas.",
            "opening": 54,
            "priority": 1
        },
        "model": "hire.skill",
        "pk": 605
    },
    {
        "fields": {
            "definition": null,
            "is_performance_skill": true,
            "name": "Humble",
            "opening": 54,
            "priority": 1
        },
        "model": "hire.skill",
        "pk": 606
    },
    {
        "fields": {
            "definition": null,
            "is_performance_skill": true,
            "name": "Hungry",
            "opening": 54,
            "priority": 1
        },
        "model": "hire.skill",
        "pk": 607
    },
    {
        "fields": {
            "definition": null,
            "is_performance_skill": true,
            "name": "People Smart",
            "opening": 54,
            "priority": 1
        },
        "model": "hire.skill",
        "pk": 608
    },
    {
        "fields": {
            "definition": null,
            "is_performance_skill": false,
            "name": "One year current experience.",
            "opening": 54,
            "priority": 1
        },
        "model": "hire.skill",
        "pk": 609
    },
    {
        "fields": {
            "definition": null,
            "is_performance_skill": false,
            "name": "Experience with Ruby on Rails development",
            "opening": 37,
            "priority": 1
        },
        "model": "hire.skill",
        "pk": 638
    },
    {
        "fields": {
            "definition": null,
            "is_performance_skill": false,
            "name": "B.S. or B.A. degree or higher.",
            "opening": 59,
            "priority": 1
        },
        "model": "hire.skill",
        "pk": 639
    },
    {
        "fields": {
            "definition": null,
            "is_performance_skill": true,
            "name": "Adaptability",
            "opening": 59,
            "priority": 1
        },
        "model": "hire.skill",
        "pk": 640
    },
    {
        "fields": {
            "definition": null,
            "is_performance_skill": true,
            "name": "Communication (Verbal)",
            "opening": 59,
            "priority": 1
        },
        "model": "hire.skill",
        "pk": 641
    },
    {
        "fields": {
            "definition": null,
            "is_performance_skill": true,
            "name": "Communication (Written)",
            "opening": 59,
            "priority": 1
        },
        "model": "hire.skill",
        "pk": 642
    },
    {
        "fields": {
            "definition": null,
            "is_performance_skill": true,
            "name": "Detail-Oriented",
            "opening": 59,
            "priority": 1
        },
        "model": "hire.skill",
        "pk": 643
    },
    {
        "fields": {
            "definition": null,
            "is_performance_skill": false,
            "name": "Active license in Kansas.",
            "opening": 61,
            "priority": 1
        },
        "model": "hire.skill",
        "pk": 651
    },
    {
        "fields": {
            "definition": null,
            "is_performance_skill": false,
            "name": "Current TB test.",
            "opening": 61,
            "priority": 1
        },
        "model": "hire.skill",
        "pk": 652
    },
    {
        "fields": {
            "definition": null,
            "is_performance_skill": false,
            "name": "BLS certification",
            "opening": 61,
            "priority": 1
        },
        "model": "hire.skill",
        "pk": 653
    },
    {
        "fields": {
            "definition": null,
            "is_performance_skill": false,
            "name": "One year current experience in specialty.",
            "opening": 61,
            "priority": 1
        },
        "model": "hire.skill",
        "pk": 654
    },
    {
        "fields": {
            "definition": null,
            "is_performance_skill": true,
            "name": "Humble",
            "opening": 61,
            "priority": 1
        },
        "model": "hire.skill",
        "pk": 655
    },
    {
        "fields": {
            "definition": null,
            "is_performance_skill": true,
            "name": "Hungry",
            "opening": 61,
            "priority": 1
        },
        "model": "hire.skill",
        "pk": 656
    },
    {
        "fields": {
            "definition": null,
            "is_performance_skill": true,
            "name": "People Smart",
            "opening": 61,
            "priority": 1
        },
        "model": "hire.skill",
        "pk": 657
    },
    {
        "fields": {
            "selected": true,
            "skill": 368,
            "text": "Give a specific example of a time when you had to address an angry customer. What was the problem and what was the outcome? How would you assess your role in diffusing the situation?"
        },
        "model": "hire.question",
        "pk": 1345
    },
    {
        "fields": {
            "selected": true,
            "skill": 369,
            "text": "Tell me about someone who is better than you in an area that really matters to you."
        },
        "model": "hire.question",
        "pk": 1350
    },
    {
        "fields": {
            "selected": true,
            "skill": 372,
            "text": "What kind of people annoy you the most, and how do you deal with them?"
        },
        "model": "hire.question",
        "pk": 1361
    },
    {
        "fields": {
            "selected": true,
            "skill": 364,
            "text": "What year did you graduate?"
        },
        "model": "hire.question",
        "pk": 1369
    },
    {
        "fields": {
            "selected": true,
            "skill": 365,
            "text": "Describe an experience you have had with miscommunication, with either a customer or a co-worker. What did you do to resolve things? What was the outcome?"
        },
        "model": "hire.question",
        "pk": 1370
    },
    {
        "fields": {
            "selected": true,
            "skill": 370,
            "text": "What kinds of hours do you generally work?"
        },
        "model": "hire.question",
        "pk": 1381
    },
    {
        "fields": {
            "selected": true,
            "skill": 377,
            "text": "Describe an experience you have had with miscommunication, with either a customer or a co-worker. What did you do to resolve things? What was the outcome?"
        },
        "model": "hire.question",
        "pk": 1387
    },
    {
        "fields": {
            "selected": true,
            "skill": 378,
            "text": "Tell me about a time in which you had to use your written communication skills in order to get an important point across."
        },
        "model": "hire.question",
        "pk": 1391
    },
    {
        "fields": {
            "selected": true,
            "skill": 379,
            "text": "Give an example of how you have been successful at empowering either a person or a group of people in accomplishing a task."
        },
        "model": "hire.question",
        "pk": 1393
    },
    {
        "fields": {
            "selected": true,
            "skill": 380,
            "text": "Can you tell me about a situation in which you taught someone else how to do something?"
        },
        "model": "hire.question",
        "pk": 1398
    },
    {
        "fields": {
            "selected": true,
            "skill": 382,
            "text": "Describe a situation in which you found that your results were not up to your supervisor's expectations. What happened? What action did you take?"
        },
        "model": "hire.question",
        "pk": 1401
    },
    {
        "fields": {
            "selected": true,
            "skill": 383,
            "text": "What is the toughest group that you have had to get cooperation from? Describe how you handled it. What was the outcome?"
        },
        "model": "hire.question",
        "pk": 1402
    },
    {
        "fields": {
            "selected": true,
            "skill": 383,
            "text": "Have you ever been a member of a group where two of the members did not work well together? What did you do to get them to do so?"
        },
        "model": "hire.question",
        "pk": 1405
    },
    {
        "fields": {
            "selected": true,
            "skill": 381,
            "text": "Tell us about the last company that you created."
        },
        "model": "hire.question",
        "pk": 1406
    },
    {
        "fields": {
            "selected": true,
            "skill": 381,
            "text": "How many startups have you been a part of?"
        },
        "model": "hire.question",
        "pk": 1407
    },
    {
        "fields": {
            "selected": true,
            "skill": 387,
            "text": "Tell us about the last company that you created."
        },
        "model": "hire.question",
        "pk": 1413
    },
    {
        "fields": {
            "selected": true,
            "skill": 387,
            "text": "How many startups have you been a part of?"
        },
        "model": "hire.question",
        "pk": 1414
    },
    {
        "fields": {
            "selected": true,
            "skill": 388,
            "text": "Describe a situation in which you found that your results were not up to your supervisor's expectations. What happened? What action did you take?"
        },
        "model": "hire.question",
        "pk": 1415
    },
    {
        "fields": {
            "selected": true,
            "skill": 389,
            "text": "What is the toughest group that you have had to get cooperation from? Describe how you handled it. What was the outcome?"
        },
        "model": "hire.question",
        "pk": 1416
    },
    {
        "fields": {
            "selected": true,
            "skill": 389,
            "text": "Have you ever been a member of a group where two of the members did not work well together? What did you do to get them to do so?"
        },
        "model": "hire.question",
        "pk": 1417
    },
    {
        "fields": {
            "selected": true,
            "skill": 470,
            "text": "Tell us about a time when you had to analyze information and make a recommendation. What kind of thought process did you go through? What was your reasoning behind your decision?"
        },
        "model": "hire.question",
        "pk": 1580
    },
    {
        "fields": {
            "selected": true,
            "skill": 470,
            "text": "Tell us about a task that really tested your analytical abilities."
        },
        "model": "hire.question",
        "pk": 1582
    },
    {
        "fields": {
            "selected": true,
            "skill": 471,
            "text": "Tell me about someone who is better than you in an area that really matters to you."
        },
        "model": "hire.question",
        "pk": 1583
    },
    {
        "fields": {
            "selected": true,
            "skill": 471,
            "text": "How do you handle apologies, either giving or accepting them? Give an example."
        },
        "model": "hire.question",
        "pk": 1584
    },
    {
        "fields": {
            "selected": true,
            "skill": 471,
            "text": "What was the most embarrassing moment in your career? Or the biggest failure? How did you handle that embarrassment or failure?"
        },
        "model": "hire.question",
        "pk": 1586
    },
    {
        "fields": {
            "selected": true,
            "skill": 471,
            "text": "Tell me about the most important accomplishments of your career."
        },
        "model": "hire.question",
        "pk": 1587
    },
    {
        "fields": {
            "selected": true,
            "skill": 472,
            "text": "Describe the system you use for keeping track of multiple projects. How do you track your progress so that you can meet deadlines? How do you stay focused?"
        },
        "model": "hire.question",
        "pk": 1588
    },
    {
        "fields": {
            "selected": true,
            "skill": 472,
            "text": "Getting the job done may necessitate unusual persistence or dedication to results especially when faced with obstacles or distractions. Tell me about a time in which you were able to be very persistent in order to reach goals. Be specific."
        },
        "model": "hire.question",
        "pk": 1589
    },
    {
        "fields": {
            "selected": true,
            "skill": 473,
            "text": "Tell us about the most difficult or frustrating individual that you've ever had to work with, and how you managed to work with them."
        },
        "model": "hire.question",
        "pk": 1590
    },
    {
        "fields": {
            "selected": true,
            "skill": 473,
            "text": "What, in your opinion, are the key ingredients in guiding and maintaining successful business relationships? Give examples of how you made these work for you."
        },
        "model": "hire.question",
        "pk": 1591
    },
    {
        "fields": {
            "selected": true,
            "skill": 473,
            "text": "Tell us about a time when you built rapport quickly with someone under difficult conditions."
        },
        "model": "hire.question",
        "pk": 1592
    },
    {
        "fields": {
            "selected": true,
            "skill": 473,
            "text": "Describe the most complex project you have been on. What was your role? How did your actions contribute to the success of the project?"
        },
        "model": "hire.question",
        "pk": 1593
    },
    {
        "fields": {
            "selected": true,
            "skill": 473,
            "text": "Tell of a time when you worked with a colleague who was not completing his or her share of the work. Who, if anyone, did you tell or talk to about it? Did the manager take any steps to correct your colleague? Did you agree or disagree with the manager's actions?"
        },
        "model": "hire.question",
        "pk": 1594
    },
    {
        "fields": {
            "selected": true,
            "skill": 469,
            "text": "Describe an experience you had setting up a web server from scratch. What OS did you choose? What else was involved?"
        },
        "model": "hire.question",
        "pk": 1595
    },
    {
        "fields": {
            "selected": true,
            "skill": 466,
            "text": "A website that you've already built needs some additional functionality. you know of plugins available to add this functionality. Describe your thinking process of choosing to use a plugin or writing the functionality from scratch."
        },
        "model": "hire.question",
        "pk": 1597
    },
    {
        "fields": {
            "selected": true,
            "skill": 467,
            "text": "Please show me an example of a site you wrote code for, describe your role, and explain the functionality of the parts you worked on."
        },
        "model": "hire.question",
        "pk": 1598
    },
    {
        "fields": {
            "selected": true,
            "skill": 468,
            "text": "Describe a project you worked on with at least one other developer and how you used Git effectively."
        },
        "model": "hire.question",
        "pk": 1599
    },
    {
        "fields": {
            "selected": true,
            "skill": 481,
            "text": "How many startups have you been a part of?"
        },
        "model": "hire.question",
        "pk": 1614
    },
    {
        "fields": {
            "selected": true,
            "skill": 481,
            "text": "Tell us about the last company that you created."
        },
        "model": "hire.question",
        "pk": 1615
    },
    {
        "fields": {
            "selected": true,
            "skill": 482,
            "text": "Describe a situation in which you found that your results were not up to your supervisor's expectations. What happened? What action did you take?"
        },
        "model": "hire.question",
        "pk": 1616
    },
    {
        "fields": {
            "selected": true,
            "skill": 483,
            "text": "Have you ever been a member of a group where two of the members did not work well together? What did you do to get them to do so?"
        },
        "model": "hire.question",
        "pk": 1617
    },
    {
        "fields": {
            "selected": true,
            "skill": 483,
            "text": "What is the toughest group that you have had to get cooperation from? Describe how you handled it. What was the outcome?"
        },
        "model": "hire.question",
        "pk": 1618
    },
    {
        "fields": {
            "selected": true,
            "skill": 539,
            "text": "Describe a situation in which you found that your results were not up to your supervisor's expectations. What happened? What action did you take?"
        },
        "model": "hire.question",
        "pk": 1730
    },
    {
        "fields": {
            "selected": true,
            "skill": 540,
            "text": "Describe a major change that occurred in a job that you held. How did you adapt to this change?"
        },
        "model": "hire.question",
        "pk": 1731
    },
    {
        "fields": {
            "selected": true,
            "skill": 540,
            "text": "Tell us about a situation in which you had to adjust to changes over which you had no control. How did you handle it?"
        },
        "model": "hire.question",
        "pk": 1732
    },
    {
        "fields": {
            "selected": true,
            "skill": 540,
            "text": "What do you do when priorities change quickly? Give one example of when this happened."
        },
        "model": "hire.question",
        "pk": 1733
    },
    {
        "fields": {
            "selected": true,
            "skill": 541,
            "text": "Tell us about a task that really tested your analytical abilities."
        },
        "model": "hire.question",
        "pk": 1734
    },
    {
        "fields": {
            "selected": true,
            "skill": 541,
            "text": "Describe a recent experience where you went out of your way to analyze the cause of a problem. How did you proceed?"
        },
        "model": "hire.question",
        "pk": 1735
    },
    {
        "fields": {
            "selected": true,
            "skill": 541,
            "text": "Tell us about a time when you had to analyze information and make a recommendation. What kind of thought process did you go through? What was your reasoning behind your decision?"
        },
        "model": "hire.question",
        "pk": 1736
    },
    {
        "fields": {
            "selected": true,
            "skill": 542,
            "text": "Describe your best day at work. Describe your worst day at work."
        },
        "model": "hire.question",
        "pk": 1737
    },
    {
        "fields": {
            "selected": true,
            "skill": 542,
            "text": "Why do you want this job?"
        },
        "model": "hire.question",
        "pk": 1738
    },
    {
        "fields": {
            "selected": true,
            "skill": 543,
            "text": "Tell us about a time when a change with which you did not agree occurred. How did you manage your own attitude towards the change? What did you do to make sure the change occurred successfully?"
        },
        "model": "hire.question",
        "pk": 1739
    },
    {
        "fields": {
            "selected": true,
            "skill": 543,
            "text": "Have you ever met resistance when implementing a new idea or policy to a work group? How did you deal with it? What happened?"
        },
        "model": "hire.question",
        "pk": 1740
    },
    {
        "fields": {
            "selected": true,
            "skill": 543,
            "text": "Give an example of a time when you helped a staff member accept change and make the necessary adjustments to move forward. What were the change/transition skills that you used?"
        },
        "model": "hire.question",
        "pk": 1741
    },
    {
        "fields": {
            "selected": true,
            "skill": 544,
            "text": "Describe the steps you would take to build rapport with a remote colleague."
        },
        "model": "hire.question",
        "pk": 1742
    },
    {
        "fields": {
            "selected": true,
            "skill": 544,
            "text": "It is very important to build good relationships at work but sometimes it doesn't always work. If you can, tell about a time when you were not able to build a successful relationship with a difficult person."
        },
        "model": "hire.question",
        "pk": 1743
    },
    {
        "fields": {
            "selected": true,
            "skill": 544,
            "text": "What challenges have occurred while you were coordinating work with other units, departments, and/or divisions?"
        },
        "model": "hire.question",
        "pk": 1744
    },
    {
        "fields": {
            "selected": true,
            "skill": 545,
            "text": "Describe a time when you realized you needed to improve your communication skills. How did you accomplish this? What were the results?"
        },
        "model": "hire.question",
        "pk": 1745
    },
    {
        "fields": {
            "selected": true,
            "skill": 545,
            "text": "Describe an experience you have had with miscommunication, with either a customer or a co-worker. What did you do to resolve things? What was the outcome?"
        },
        "model": "hire.question",
        "pk": 1746
    },
    {
        "fields": {
            "selected": true,
            "skill": 545,
            "text": "How do you keep subordinates informed about information that affects their jobs?"
        },
        "model": "hire.question",
        "pk": 1747
    },
    {
        "fields": {
            "selected": true,
            "skill": 545,
            "text": "How do you keep your manager informed about what is being done in your work area?"
        },
        "model": "hire.question",
        "pk": 1748
    },
    {
        "fields": {
            "selected": true,
            "skill": 546,
            "text": "What are the most challenging documents you have done? What kinds of proposals have you written?"
        },
        "model": "hire.question",
        "pk": 1749
    },
    {
        "fields": {
            "selected": true,
            "skill": 546,
            "text": "Tell me about a time in which you had to use your written communication skills in order to get an important point across."
        },
        "model": "hire.question",
        "pk": 1750
    },
    {
        "fields": {
            "selected": true,
            "skill": 546,
            "text": "Describe the most significant written document, report, or presentation which you had to complete."
        },
        "model": "hire.question",
        "pk": 1751
    },
    {
        "fields": {
            "selected": true,
            "skill": 547,
            "text": "Tell me about a time when a colleague strongly disagreed with your views, ideas, or way of working. What did you do to work through the conflict?"
        },
        "model": "hire.question",
        "pk": 1752
    },
    {
        "fields": {
            "selected": true,
            "skill": 547,
            "text": "Describe a time when you facilitated a creative solution to a problem between two employees."
        },
        "model": "hire.question",
        "pk": 1753
    },
    {
        "fields": {
            "selected": true,
            "skill": 547,
            "text": "Sometimes the only way to resolve a conflict is through negotiation and compromise. Tell about a time when you were able to resolve a difficult situation by finding some common ground."
        },
        "model": "hire.question",
        "pk": 1754
    },
    {
        "fields": {
            "selected": true,
            "skill": 548,
            "text": "Describe a time when you came up with a creative solution/idea/project/report to a problem in your past work."
        },
        "model": "hire.question",
        "pk": 1755
    },
    {
        "fields": {
            "selected": true,
            "skill": 548,
            "text": "Describe the most creative work-related project which you have carried out."
        },
        "model": "hire.question",
        "pk": 1756
    },
    {
        "fields": {
            "selected": true,
            "skill": 548,
            "text": "Tell us about a problem that you solved in a unique or unusual way. What was the outcome? Were you satisfied with it?"
        },
        "model": "hire.question",
        "pk": 1757
    },
    {
        "fields": {
            "selected": true,
            "skill": 548,
            "text": "There are many projects that require creative or innovative thinking. Give an example of when you had such a project and how you handled it."
        },
        "model": "hire.question",
        "pk": 1758
    },
    {
        "fields": {
            "selected": true,
            "skill": 549,
            "text": "What behaviors do you think are important in exhibiting good customer service?"
        },
        "model": "hire.question",
        "pk": 1759
    },
    {
        "fields": {
            "selected": true,
            "skill": 549,
            "text": "How do you handle negative customer situations that are caused by someone else or another department?"
        },
        "model": "hire.question",
        "pk": 1760
    },
    {
        "fields": {
            "selected": true,
            "skill": 549,
            "text": "Give a specific example of a time when you had to address an angry customer. What was the problem and what was the outcome? How would you assess your role in diffusing the situation?"
        },
        "model": "hire.question",
        "pk": 1761
    },
    {
        "fields": {
            "selected": true,
            "skill": 550,
            "text": "Everyone has made some poor decisions or has done something that just did not turn out right. Has this happened to you? What happened?"
        },
        "model": "hire.question",
        "pk": 1762
    },
    {
        "fields": {
            "selected": true,
            "skill": 550,
            "text": "Give me an example of a time when you had to keep from speaking or making a decision because you did not have enough information."
        },
        "model": "hire.question",
        "pk": 1763
    },
    {
        "fields": {
            "selected": true,
            "skill": 550,
            "text": "How do you involve your manager and/or others when you make a decision?"
        },
        "model": "hire.question",
        "pk": 1764
    },
    {
        "fields": {
            "selected": true,
            "skill": 550,
            "text": "Tell us about a time when you had to defend a decision you made even though other important people were opposed to your decision."
        },
        "model": "hire.question",
        "pk": 1765
    },
    {
        "fields": {
            "selected": true,
            "skill": 550,
            "text": "What kind of decisions do you make rapidly? What kind takes more time? Give examples."
        },
        "model": "hire.question",
        "pk": 1766
    },
    {
        "fields": {
            "selected": true,
            "skill": 550,
            "text": "What was your most difficult decision in the last 6 months? What made it difficult?"
        },
        "model": "hire.question",
        "pk": 1767
    },
    {
        "fields": {
            "selected": true,
            "skill": 551,
            "text": "How do you make the decision to delegate work?"
        },
        "model": "hire.question",
        "pk": 1768
    },
    {
        "fields": {
            "selected": true,
            "skill": 551,
            "text": "What was the biggest mistake you have had when delegating work? The biggest success?"
        },
        "model": "hire.question",
        "pk": 1769
    },
    {
        "fields": {
            "selected": true,
            "skill": 552,
            "text": "Do you prefer to work with the \"big picture\" or the \"details\" of a situation? Give me an example of an experience that illustrates your preference."
        },
        "model": "hire.question",
        "pk": 1770
    },
    {
        "fields": {
            "selected": true,
            "skill": 552,
            "text": "Have the jobs you held in the past required little attention, moderate attention, or a great deal of attention to detail? Give me an example of a situation that illustrates this requirement."
        },
        "model": "hire.question",
        "pk": 1771
    },
    {
        "fields": {
            "selected": true,
            "skill": 552,
            "text": "Tell us about a situation where attention to detail was either important or unimportant in accomplishing an assigned task."
        },
        "model": "hire.question",
        "pk": 1772
    },
    {
        "fields": {
            "selected": true,
            "skill": 553,
            "text": "How do you keep track of delegated assignments?"
        },
        "model": "hire.question",
        "pk": 1773
    },
    {
        "fields": {
            "selected": true,
            "skill": 553,
            "text": "How do you evaluate the productivity/effectiveness of your subordinates?"
        },
        "model": "hire.question",
        "pk": 1774
    },
    {
        "fields": {
            "selected": true,
            "skill": 553,
            "text": "How do you get data for performance reviews?"
        },
        "model": "hire.question",
        "pk": 1775
    },
    {
        "fields": {
            "selected": true,
            "skill": 554,
            "text": "Tell me about the most important accomplishments of your career."
        },
        "model": "hire.question",
        "pk": 1776
    },
    {
        "fields": {
            "selected": true,
            "skill": 554,
            "text": "What was the most embarrassing moment in your career? Or the biggest failure? How did you handle that embarrassment or failure?"
        },
        "model": "hire.question",
        "pk": 1777
    },
    {
        "fields": {
            "selected": true,
            "skill": 554,
            "text": "What is your greatest weakness?"
        },
        "model": "hire.question",
        "pk": 1778
    },
    {
        "fields": {
            "selected": true,
            "skill": 554,
            "text": "How do you handle apologies, either giving or accepting them? Give an example."
        },
        "model": "hire.question",
        "pk": 1779
    },
    {
        "fields": {
            "selected": true,
            "skill": 554,
            "text": "Tell me about someone who is better than you in an area that really matters to you."
        },
        "model": "hire.question",
        "pk": 1780
    },
    {
        "fields": {
            "selected": true,
            "skill": 555,
            "text": "What is the hardest you've ever worked on something in your life?"
        },
        "model": "hire.question",
        "pk": 1781
    },
    {
        "fields": {
            "selected": true,
            "skill": 555,
            "text": "What do you like to do when you're not working?"
        },
        "model": "hire.question",
        "pk": 1782
    },
    {
        "fields": {
            "selected": true,
            "skill": 555,
            "text": "Did you work hard when you were a teenager?"
        },
        "model": "hire.question",
        "pk": 1783
    },
    {
        "fields": {
            "selected": true,
            "skill": 555,
            "text": "What kinds of hours do you generally work?"
        },
        "model": "hire.question",
        "pk": 1784
    },
    {
        "fields": {
            "selected": true,
            "skill": 555,
            "text": "How would others describe your work ethic, and why?"
        },
        "model": "hire.question",
        "pk": 1785
    },
    {
        "fields": {
            "selected": true,
            "skill": 556,
            "text": "Describe a situation in which you anticipated problems and were able to influence others in a new direction."
        },
        "model": "hire.question",
        "pk": 1786
    },
    {
        "fields": {
            "selected": true,
            "skill": 556,
            "text": "How did you get work assignments at your most recent employer?"
        },
        "model": "hire.question",
        "pk": 1787
    },
    {
        "fields": {
            "selected": true,
            "skill": 556,
            "text": "What sorts of projects did you generate that required you to go beyond your job description?"
        },
        "model": "hire.question",
        "pk": 1788
    },
    {
        "fields": {
            "selected": true,
            "skill": 556,
            "text": "Tell us about a time when you identified a potential problem and resolved the situation before it became serious."
        },
        "model": "hire.question",
        "pk": 1789
    },
    {
        "fields": {
            "selected": true,
            "skill": 557,
            "text": "Describe a time when you were asked to keep information confidential."
        },
        "model": "hire.question",
        "pk": 1790
    },
    {
        "fields": {
            "selected": true,
            "skill": 557,
            "text": "If you can, tell about a time when your trustworthiness was challenged. How did you react/respond?"
        },
        "model": "hire.question",
        "pk": 1791
    },
    {
        "fields": {
            "selected": true,
            "skill": 557,
            "text": "On occasion we are confronted by dishonesty in the workplace. Tell about such an occurrence and how you handled it."
        },
        "model": "hire.question",
        "pk": 1792
    },
    {
        "fields": {
            "selected": true,
            "skill": 557,
            "text": "Tell us about a specific time when you had to handle a tough problem which challenged fairness or ethical issues."
        },
        "model": "hire.question",
        "pk": 1793
    },
    {
        "fields": {
            "selected": true,
            "skill": 558,
            "text": "What is the toughest group that you have had to get cooperation from? Describe how you handled it. What was the outcome?"
        },
        "model": "hire.question",
        "pk": 1794
    },
    {
        "fields": {
            "selected": true,
            "skill": 558,
            "text": "Give an example of your ability to build motivation in your co-workers, classmates, or in a volunteer committee."
        },
        "model": "hire.question",
        "pk": 1795
    },
    {
        "fields": {
            "selected": true,
            "skill": 558,
            "text": "Have you ever had difficulty getting others to accept your ideas? What was your approach? Did it work?"
        },
        "model": "hire.question",
        "pk": 1796
    },
    {
        "fields": {
            "selected": true,
            "skill": 558,
            "text": "Have you ever been a member of a group where two of the members did not work well together? What did you do to get them to do so?"
        },
        "model": "hire.question",
        "pk": 1797
    },
    {
        "fields": {
            "selected": true,
            "skill": 559,
            "text": "Describe the most challenging negotiation in which you were involved. What did you do? What were the results for you? What were the results for the other party?"
        },
        "model": "hire.question",
        "pk": 1798
    },
    {
        "fields": {
            "selected": true,
            "skill": 559,
            "text": "Have you ever been in a situation where you had to bargain with someone? How did you feel about this? What did you do? Give an example. How did you prepare for it? How did you present your position? How did you resolve it?"
        },
        "model": "hire.question",
        "pk": 1799
    },
    {
        "fields": {
            "selected": true,
            "skill": 559,
            "text": "Tell us about the last time you had to negotiate with someone. What was the most difficult part?"
        },
        "model": "hire.question",
        "pk": 1800
    },
    {
        "fields": {
            "selected": true,
            "skill": 560,
            "text": "How would you describe your personality?"
        },
        "model": "hire.question",
        "pk": 1801
    },
    {
        "fields": {
            "selected": true,
            "skill": 560,
            "text": "What do you do that others in your personal life might find annoying?"
        },
        "model": "hire.question",
        "pk": 1802
    },
    {
        "fields": {
            "selected": true,
            "skill": 560,
            "text": "What kind of people annoy you the most, and how do you deal with them?"
        },
        "model": "hire.question",
        "pk": 1803
    },
    {
        "fields": {
            "selected": true,
            "skill": 560,
            "text": "Would your former colleagues describe you as an empathic person?"
        },
        "model": "hire.question",
        "pk": 1804
    },
    {
        "fields": {
            "selected": true,
            "skill": 560,
            "text": "Can you give me an example of how you've demonstrated empathy to a teammate?"
        },
        "model": "hire.question",
        "pk": 1805
    },
    {
        "fields": {
            "selected": true,
            "skill": 561,
            "text": "Give an example of how you have been successful at empowering either a person or a group of people in accomplishing a task."
        },
        "model": "hire.question",
        "pk": 1806
    },
    {
        "fields": {
            "selected": true,
            "skill": 561,
            "text": "How often do you discuss a subordinate's performance with him/her? Give an example."
        },
        "model": "hire.question",
        "pk": 1807
    },
    {
        "fields": {
            "selected": true,
            "skill": 561,
            "text": "Tell us about a specific development plan that you created and carried out with one or more of your employees. What was the specific situation? What were the components of the development plan? What was the outcome?"
        },
        "model": "hire.question",
        "pk": 1808
    },
    {
        "fields": {
            "selected": true,
            "skill": 561,
            "text": "Tell us about a time when you had to tell a staff member that you were dissatisfied with his or her work."
        },
        "model": "hire.question",
        "pk": 1809
    },
    {
        "fields": {
            "selected": true,
            "skill": 561,
            "text": "What have you done to develop the skills of your staff?"
        },
        "model": "hire.question",
        "pk": 1810
    },
    {
        "fields": {
            "selected": true,
            "skill": 562,
            "text": "Tell us about a difficult situation when it was desirable for you to keep a positive attitude. What did you do?"
        },
        "model": "hire.question",
        "pk": 1811
    },
    {
        "fields": {
            "selected": true,
            "skill": 562,
            "text": "How would you handle a conflict between you and higher management?"
        },
        "model": "hire.question",
        "pk": 1812
    },
    {
        "fields": {
            "selected": true,
            "skill": 563,
            "text": "Tell us about a time when you were particularly effective in a talk you gave or a seminar you taught."
        },
        "model": "hire.question",
        "pk": 1813
    },
    {
        "fields": {
            "selected": true,
            "skill": 563,
            "text": "Tell us about a recent successful experience in making a speech or presentation. How did you prepare? What obstacles did you face? How did you handle them?"
        },
        "model": "hire.question",
        "pk": 1814
    },
    {
        "fields": {
            "selected": true,
            "skill": 563,
            "text": "Have you had to \"sell\" an idea to your co-workers, classmates or group? How did you do it? Did they \"buy\" it?"
        },
        "model": "hire.question",
        "pk": 1815
    },
    {
        "fields": {
            "selected": true,
            "skill": 564,
            "text": "Tell about a time when you decided to delay the launch of a change/project because the internal climate in your company wasn't receptive. Did you launch the change/project later? Why? "
        },
        "model": "hire.question",
        "pk": 1816
    },
    {
        "fields": {
            "selected": true,
            "skill": 565,
            "text": "Getting the job done may necessitate unusual persistence or dedication to results especially when faced with obstacles or distractions. Tell me about a time in which you were able to be very persistent in order to reach goals. Be specific."
        },
        "model": "hire.question",
        "pk": 1817
    },
    {
        "fields": {
            "selected": true,
            "skill": 565,
            "text": "Describe the system you use for keeping track of multiple projects. How do you track your progress so that you can meet deadlines? How do you stay focused?"
        },
        "model": "hire.question",
        "pk": 1818
    },
    {
        "fields": {
            "selected": true,
            "skill": 566,
            "text": "Tell of a time when you worked with a colleague who was not completing his or her share of the work. Who, if anyone, did you tell or talk to about it? Did the manager take any steps to correct your colleague? Did you agree or disagree with the manager's actions?"
        },
        "model": "hire.question",
        "pk": 1819
    },
    {
        "fields": {
            "selected": true,
            "skill": 566,
            "text": "Describe the most complex project you have been on. What was your role? How did your actions contribute to the success of the project?"
        },
        "model": "hire.question",
        "pk": 1820
    },
    {
        "fields": {
            "selected": true,
            "skill": 566,
            "text": "Tell us about a time when you built rapport quickly with someone under difficult conditions."
        },
        "model": "hire.question",
        "pk": 1821
    },
    {
        "fields": {
            "selected": true,
            "skill": 566,
            "text": "What, in your opinion, are the key ingredients in guiding and maintaining successful business relationships? Give examples of how you made these work for you."
        },
        "model": "hire.question",
        "pk": 1822
    },
    {
        "fields": {
            "selected": true,
            "skill": 566,
            "text": "Tell us about the most difficult or frustrating individual that you've ever had to work with, and how you managed to work with them."
        },
        "model": "hire.question",
        "pk": 1823
    },
    {
        "fields": {
            "selected": true,
            "skill": 567,
            "text": "What has been your experiencing working with conflicting, delayed, or ambiguous information? What did you do to make the most of the situation?"
        },
        "model": "hire.question",
        "pk": 1824
    },
    {
        "fields": {
            "selected": true,
            "skill": 567,
            "text": " People differ in the preference for jobs which have well laid out tasks and responsibilities or ones in which work changes frequently. Tell me about a time when you were successful in dealing with an unstructured work environment."
        },
        "model": "hire.question",
        "pk": 1825
    },
    {
        "fields": {
            "selected": true,
            "skill": 567,
            "text": "Give me an example of a time when you had to deal with frequent job changes or unexpected events on the job. What does this situation say about your ability to work in an ambiguous or unstructured circumstance?"
        },
        "model": "hire.question",
        "pk": 1826
    },
    {
        "fields": {
            "selected": true,
            "skill": 568,
            "text": "Can you tell me about a situation in which you taught someone else how to do something?"
        },
        "model": "hire.question",
        "pk": 1827
    },
    {
        "fields": {
            "selected": true,
            "skill": 568,
            "text": "Describe a task where you had to provide written documentation on a process. How did you go about it? "
        },
        "model": "hire.question",
        "pk": 1828
    },
    {
        "fields": {
            "selected": true,
            "skill": 568,
            "text": "Tell us about a training program that you have developed or enhanced."
        },
        "model": "hire.question",
        "pk": 1829
    },
    {
        "fields": {
            "selected": true,
            "skill": 569,
            "text": "What is the hardest you've ever worked on something in your life?"
        },
        "model": "hire.question",
        "pk": 1830
    },
    {
        "fields": {
            "selected": true,
            "skill": 569,
            "text": "What do you like to do when you're not working?"
        },
        "model": "hire.question",
        "pk": 1831
    },
    {
        "fields": {
            "selected": true,
            "skill": 569,
            "text": "Did you work hard when you were a teenager?"
        },
        "model": "hire.question",
        "pk": 1832
    },
    {
        "fields": {
            "selected": true,
            "skill": 569,
            "text": "What kinds of hours do you generally work?"
        },
        "model": "hire.question",
        "pk": 1833
    },
    {
        "fields": {
            "selected": true,
            "skill": 569,
            "text": "How would others describe your work ethic, and why?"
        },
        "model": "hire.question",
        "pk": 1834
    },
    {
        "fields": {
            "selected": true,
            "skill": 577,
            "text": "Do you have a current CPR certificate? Do you have a current TB test"
        },
        "model": "hire.question",
        "pk": 1854
    },
    {
        "fields": {
            "selected": true,
            "skill": 578,
            "text": "Do you have a high school diploma or G.E.D.?"
        },
        "model": "hire.question",
        "pk": 1855
    },
    {
        "fields": {
            "selected": true,
            "skill": 579,
            "text": "Do you have at least one year of current experience?"
        },
        "model": "hire.question",
        "pk": 1856
    },
    {
        "fields": {
            "selected": true,
            "skill": 580,
            "text": "Do you have an active license in Kansas"
        },
        "model": "hire.question",
        "pk": 1857
    },
    {
        "fields": {
            "selected": true,
            "skill": 581,
            "text": "Tell me about someone who is better than you in an area that really matters to you."
        },
        "model": "hire.question",
        "pk": 1858
    },
    {
        "fields": {
            "selected": true,
            "skill": 582,
            "text": "How would others describe your work ethic, and why?"
        },
        "model": "hire.question",
        "pk": 1859
    },
    {
        "fields": {
            "selected": true,
            "skill": 582,
            "text": "What do you like to do when you're not working?"
        },
        "model": "hire.question",
        "pk": 1860
    },
    {
        "fields": {
            "selected": true,
            "skill": 583,
            "text": "Can you give me an example of how you've demonstrated empathy to a teammate?"
        },
        "model": "hire.question",
        "pk": 1861
    },
    {
        "fields": {
            "selected": true,
            "skill": 583,
            "text": "What kind of people annoy you the most, and how do you deal with them?"
        },
        "model": "hire.question",
        "pk": 1862
    },
    {
        "fields": {
            "selected": true,
            "skill": 591,
            "text": "Do you have an active RN license in the State of Kansas?"
        },
        "model": "hire.question",
        "pk": 1882
    },
    {
        "fields": {
            "selected": true,
            "skill": 592,
            "text": "Can you provide a copy of your current TB test?"
        },
        "model": "hire.question",
        "pk": 1883
    },
    {
        "fields": {
            "selected": true,
            "skill": 593,
            "text": "Do you have a current BLS certificate?"
        },
        "model": "hire.question",
        "pk": 1884
    },
    {
        "fields": {
            "selected": true,
            "skill": 594,
            "text": "Do you have at least one year current experience in specialty?"
        },
        "model": "hire.question",
        "pk": 1885
    },
    {
        "fields": {
            "selected": true,
            "skill": 595,
            "text": "Tell me about someone who is better than you in an area that really matters to you."
        },
        "model": "hire.question",
        "pk": 1886
    },
    {
        "fields": {
            "selected": true,
            "skill": 595,
            "text": "What is your greatest weakness?"
        },
        "model": "hire.question",
        "pk": 1887
    },
    {
        "fields": {
            "selected": true,
            "skill": 596,
            "text": "What do you like to do when you're not working?"
        },
        "model": "hire.question",
        "pk": 1888
    },
    {
        "fields": {
            "selected": true,
            "skill": 597,
            "text": "Can you give me an example of how you've demonstrated empathy to a teammate?"
        },
        "model": "hire.question",
        "pk": 1889
    },
    {
        "fields": {
            "selected": true,
            "skill": 597,
            "text": "How would you describe your personality?"
        },
        "model": "hire.question",
        "pk": 1890
    },
    {
        "fields": {
            "selected": true,
            "skill": 604,
            "text": "Do you have a current CPR certificate? Do you have a current TB test"
        },
        "model": "hire.question",
        "pk": 1909
    },
    {
        "fields": {
            "selected": true,
            "skill": 605,
            "text": "Do you have an active LPN license in Kansas?"
        },
        "model": "hire.question",
        "pk": 1910
    },
    {
        "fields": {
            "selected": true,
            "skill": 606,
            "text": "Tell me about someone who is better than you in an area that really matters to you."
        },
        "model": "hire.question",
        "pk": 1911
    },
    {
        "fields": {
            "selected": true,
            "skill": 606,
            "text": "What is your greatest weakness?"
        },
        "model": "hire.question",
        "pk": 1912
    },
    {
        "fields": {
            "selected": true,
            "skill": 607,
            "text": "What do you like to do when you're not working?"
        },
        "model": "hire.question",
        "pk": 1913
    },
    {
        "fields": {
            "selected": true,
            "skill": 608,
            "text": "Can you give me an example of how you've demonstrated empathy to a teammate?"
        },
        "model": "hire.question",
        "pk": 1914
    },
    {
        "fields": {
            "selected": true,
            "skill": 608,
            "text": "How would you describe your personality?"
        },
        "model": "hire.question",
        "pk": 1915
    },
    {
        "fields": {
            "selected": true,
            "skill": 609,
            "text": "Do you have at least one year of current experience?"
        },
        "model": "hire.question",
        "pk": 1916
    },
    {
        "fields": {
            "selected": true,
            "skill": 640,
            "text": "Tell us about a situation in which you had to adjust to changes over which you had no control. How did you handle it?"
        },
        "model": "hire.question",
        "pk": 1954
    },
    {
        "fields": {
            "selected": true,
            "skill": 641,
            "text": "Describe a time when you realized you needed to improve your communication skills. How did you accomplish this? What were the results?"
        },
        "model": "hire.question",
        "pk": 1956
    },
    {
        "fields": {
            "selected": true,
            "skill": 641,
            "text": "How do you keep your manager informed about what is being done in your work area?"
        },
        "model": "hire.question",
        "pk": 1959
    },
    {
        "fields": {
            "selected": true,
            "skill": 642,
            "text": "Tell me about a time in which you had to use your written communication skills in order to get an important point across."
        },
        "model": "hire.question",
        "pk": 1961
    },
    {
        "fields": {
            "selected": true,
            "skill": 643,
            "text": "Tell us about a situation where attention to detail was either important or unimportant in accomplishing an assigned task."
        },
        "model": "hire.question",
        "pk": 1965
    },
    {
        "fields": {
            "selected": true,
            "skill": 639,
            "text": "Do have a BS or BA degree? In what field?"
        },
        "model": "hire.question",
        "pk": 1966
    },
    {
        "fields": {
            "selected": true,
            "skill": 651,
            "text": "Do you have an active RN license in the State of Kansas?"
        },
        "model": "hire.question",
        "pk": 1976
    },
    {
        "fields": {
            "selected": true,
            "skill": 652,
            "text": "Can you provide a copy of your current TB test?"
        },
        "model": "hire.question",
        "pk": 1977
    },
    {
        "fields": {
            "selected": true,
            "skill": 653,
            "text": "Do you have a current BLS certificate?"
        },
        "model": "hire.question",
        "pk": 1978
    },
    {
        "fields": {
            "selected": true,
            "skill": 654,
            "text": "Do you have at least one year current experience in specialty?"
        },
        "model": "hire.question",
        "pk": 1979
    },
    {
        "fields": {
            "selected": true,
            "skill": 655,
            "text": "What is your greatest weakness?"
        },
        "model": "hire.question",
        "pk": 1980
    },
    {
        "fields": {
            "selected": true,
            "skill": 655,
            "text": "Tell me about someone who is better than you in an area that really matters to you."
        },
        "model": "hire.question",
        "pk": 1981
    },
    {
        "fields": {
            "selected": true,
            "skill": 656,
            "text": "What do you like to do when you're not working?"
        },
        "model": "hire.question",
        "pk": 1982
    },
    {
        "fields": {
            "selected": true,
            "skill": 657,
            "text": "How would you describe your personality?"
        },
        "model": "hire.question",
        "pk": 1983
    },
    {
        "fields": {
            "selected": true,
            "skill": 657,
            "text": "Can you give me an example of how you've demonstrated empathy to a teammate?"
        },
        "model": "hire.question",
        "pk": 1984
    },
    {
        "fields": {
            "company": 12,
            "phone": "444-555-6666",
            "sessions": [
                21,
                23,
                43
            ],
            "skills": [
                641,
                643,
                368,
                370,
                372,
                375,
                376,
                378,
                380
            ],
            "user": 44
        },
        "model": "hire.interviewer",
        "pk": 29
    },
    {
        "fields": {
            "company": 12,
            "phone": "222-333-4444",
            "sessions": [
                21,
                24,
                43
            ],
            "skills": [
                640,
                642,
                365,
                369,
                374,
                375,
                376,
                377,
                378,
                379,
                380
            ],
            "user": 45
        },
        "model": "hire.interviewer",
        "pk": 30
    },
    {
        "fields": {
            "company": 12,
            "phone": "444-555-6666",
            "sessions": [
                22,
                23
            ],
            "skills": [
                364,
                365,
                368,
                369,
                370,
                372,
                374,
                377,
                379
            ],
            "user": 47
        },
        "model": "hire.interviewer",
        "pk": 31
    },
    {
        "fields": {
            "company": 13,
            "phone": "9704816240",
            "sessions": [
                25,
                26
            ],
            "skills": [
                381
            ],
            "user": 46
        },
        "model": "hire.interviewer",
        "pk": 32
    },
    {
        "fields": {
            "company": 13,
            "phone": "9705909146",
            "sessions": [
                25
            ],
            "skills": [
                383
            ],
            "user": 48
        },
        "model": "hire.interviewer",
        "pk": 33
    },
    {
        "fields": {
            "company": 13,
            "phone": "999-555-1212",
            "sessions": [
                25,
                26
            ],
            "skills": [
                382
            ],
            "user": 49
        },
        "model": "hire.interviewer",
        "pk": 34
    },
    {
        "fields": {
            "company": 14,
            "phone": "999-555-1212",
            "sessions": [],
            "skills": [],
            "user": 47
        },
        "model": "hire.interviewer",
        "pk": 35
    },
    {
        "fields": {
            "company": 15,
            "phone": "877-530-7262",
            "sessions": [
                44
            ],
            "skills": [
                651,
                652,
                653,
                654,
                655,
                656,
                657
            ],
            "user": 50
        },
        "model": "hire.interviewer",
        "pk": 36
    },
    {
        "fields": {
            "company": 15,
            "phone": "877-530-7262",
            "sessions": [],
            "skills": [],
            "user": 51
        },
        "model": "hire.interviewer",
        "pk": 37
    },
    {
        "fields": {
            "company": 15,
            "phone": "877-530-7262",
            "sessions": [],
            "skills": [],
            "user": 52
        },
        "model": "hire.interviewer",
        "pk": 38
    },
    {
        "fields": {
            "company": 16,
            "phone": "9702270489",
            "sessions": [
                32
            ],
            "skills": [
                466,
                467,
                468,
                469
            ],
            "user": 53
        },
        "model": "hire.interviewer",
        "pk": 39
    },
    {
        "fields": {
            "company": 16,
            "phone": "970-658-9000",
            "sessions": [
                32
            ],
            "skills": [
                470,
                471,
                472,
                473
            ],
            "user": 54
        },
        "model": "hire.interviewer",
        "pk": 40
    },
    {
        "fields": {
            "company": 12,
            "phone": "098-765-1234",
            "sessions": [],
            "skills": [],
            "user": 55
        },
        "model": "hire.interviewer",
        "pk": 41
    },
    {
        "fields": {
            "company": 17,
            "phone": "x",
            "sessions": [],
            "skills": [],
            "user": 55
        },
        "model": "hire.interviewer",
        "pk": 42
    },
    {
        "fields": {
            "name": "John Smith",
            "notes": "",
            "opening": 20
        },
        "model": "hire.candidate",
        "pk": 41
    },
    {
        "fields": {
            "name": "Suzy Q",
            "notes": "",
            "opening": 20
        },
        "model": "hire.candidate",
        "pk": 42
    },
    {
        "fields": {
            "name": "Timm Smythe",
            "notes": "",
            "opening": 20
        },
        "model": "hire.candidate",
        "pk": 43
    },
    {
        "fields": {
            "name": "Sherry Jones",
            "notes": "",
            "opening": 20
        },
        "model": "hire.candidate",
        "pk": 44
    },
    {
        "fields": {
            "name": "Tom Houston",
            "notes": "",
            "opening": 21
        },
        "model": "hire.candidate",
        "pk": 45
    },
    {
        "fields": {
            "name": "Laurel West",
            "notes": "",
            "opening": 21
        },
        "model": "hire.candidate",
        "pk": 46
    },
    {
        "fields": {
            "name": "Alan McDonald",
            "notes": "",
            "opening": 21
        },
        "model": "hire.candidate",
        "pk": 47
    },
    {
        "fields": {
            "name": "Darlene Laughton",
            "notes": "",
            "opening": 21
        },
        "model": "hire.candidate",
        "pk": 48
    },
    {
        "fields": {
            "name": "Bill Gates",
            "notes": "",
            "opening": 22
        },
        "model": "hire.candidate",
        "pk": 49
    },
    {
        "fields": {
            "name": "Steve Jobs",
            "notes": "",
            "opening": 22
        },
        "model": "hire.candidate",
        "pk": 50
    },
    {
        "fields": {
            "name": "Doc Brown",
            "notes": "",
            "opening": 24
        },
        "model": "hire.candidate",
        "pk": 51
    },
    {
        "fields": {
            "name": "Joe Smith",
            "notes": "",
            "opening": 37
        },
        "model": "hire.candidate",
        "pk": 55
    },
    {
        "fields": {
            "name": "John SantaMaria",
            "notes": "",
            "opening": 59
        },
        "model": "hire.candidate",
        "pk": 66
    },
    {
        "fields": {
            "name": "Jenny Bergstrom",
            "notes": "",
            "opening": 61
        },
        "model": "hire.candidate",
        "pk": 67
    },
    {
        "fields": {
            "candidate": 41,
            "interviewer": 29,
            "score": 7,
            "score_max": 25,
            "skills": ""
        },
        "model": "hire.interview",
        "pk": 126
    },
    {
        "fields": {
            "candidate": 42,
            "interviewer": 29,
            "score": 0,
            "score_max": 25,
            "skills": ""
        },
        "model": "hire.interview",
        "pk": 127
    },
    {
        "fields": {
            "candidate": 43,
            "interviewer": 29,
            "score": 0,
            "score_max": 25,
            "skills": ""
        },
        "model": "hire.interview",
        "pk": 128
    },
    {
        "fields": {
            "candidate": 44,
            "interviewer": 29,
            "score": 0,
            "score_max": 0,
            "skills": ""
        },
        "model": "hire.interview",
        "pk": 129
    },
    {
        "fields": {
            "candidate": 41,
            "interviewer": 30,
            "score": 8,
            "score_max": 15,
            "skills": ""
        },
        "model": "hire.interview",
        "pk": 130
    },
    {
        "fields": {
            "candidate": 42,
            "interviewer": 30,
            "score": 0,
            "score_max": 0,
            "skills": ""
        },
        "model": "hire.interview",
        "pk": 131
    },
    {
        "fields": {
            "candidate": 43,
            "interviewer": 30,
            "score": 0,
            "score_max": 0,
            "skills": ""
        },
        "model": "hire.interview",
        "pk": 132
    },
    {
        "fields": {
            "candidate": 44,
            "interviewer": 30,
            "score": 0,
            "score_max": 0,
            "skills": ""
        },
        "model": "hire.interview",
        "pk": 133
    },
    {
        "fields": {
            "candidate": 41,
            "interviewer": 31,
            "score": 0,
            "score_max": 0,
            "skills": ""
        },
        "model": "hire.interview",
        "pk": 134
    },
    {
        "fields": {
            "candidate": 42,
            "interviewer": 31,
            "score": 0,
            "score_max": 0,
            "skills": ""
        },
        "model": "hire.interview",
        "pk": 135
    },
    {
        "fields": {
            "candidate": 43,
            "interviewer": 31,
            "score": 0,
            "score_max": 0,
            "skills": ""
        },
        "model": "hire.interview",
        "pk": 136
    },
    {
        "fields": {
            "candidate": 44,
            "interviewer": 31,
            "score": 0,
            "score_max": 0,
            "skills": ""
        },
        "model": "hire.interview",
        "pk": 137
    },
    {
        "fields": {
            "candidate": 45,
            "interviewer": 29,
            "score": 0,
            "score_max": 50,
            "skills": ""
        },
        "model": "hire.interview",
        "pk": 138
    },
    {
        "fields": {
            "candidate": 46,
            "interviewer": 29,
            "score": 0,
            "score_max": 50,
            "skills": ""
        },
        "model": "hire.interview",
        "pk": 139
    },
    {
        "fields": {
            "candidate": 47,
            "interviewer": 29,
            "score": 0,
            "score_max": 50,
            "skills": ""
        },
        "model": "hire.interview",
        "pk": 140
    },
    {
        "fields": {
            "candidate": 48,
            "interviewer": 29,
            "score": 0,
            "score_max": 50,
            "skills": ""
        },
        "model": "hire.interview",
        "pk": 141
    },
    {
        "fields": {
            "candidate": 45,
            "interviewer": 31,
            "score": 0,
            "score_max": 50,
            "skills": ""
        },
        "model": "hire.interview",
        "pk": 142
    },
    {
        "fields": {
            "candidate": 46,
            "interviewer": 31,
            "score": 0,
            "score_max": 50,
            "skills": ""
        },
        "model": "hire.interview",
        "pk": 143
    },
    {
        "fields": {
            "candidate": 47,
            "interviewer": 31,
            "score": 0,
            "score_max": 50,
            "skills": ""
        },
        "model": "hire.interview",
        "pk": 144
    },
    {
        "fields": {
            "candidate": 48,
            "interviewer": 31,
            "score": 0,
            "score_max": 50,
            "skills": ""
        },
        "model": "hire.interview",
        "pk": 145
    },
    {
        "fields": {
            "candidate": 45,
            "interviewer": 30,
            "score": 0,
            "score_max": 50,
            "skills": ""
        },
        "model": "hire.interview",
        "pk": 146
    },
    {
        "fields": {
            "candidate": 46,
            "interviewer": 30,
            "score": 0,
            "score_max": 50,
            "skills": ""
        },
        "model": "hire.interview",
        "pk": 147
    },
    {
        "fields": {
            "candidate": 47,
            "interviewer": 30,
            "score": 0,
            "score_max": 50,
            "skills": ""
        },
        "model": "hire.interview",
        "pk": 148
    },
    {
        "fields": {
            "candidate": 48,
            "interviewer": 30,
            "score": 0,
            "score_max": 50,
            "skills": ""
        },
        "model": "hire.interview",
        "pk": 149
    },
    {
        "fields": {
            "candidate": 49,
            "interviewer": 32,
            "score": 15,
            "score_max": 25,
            "skills": ""
        },
        "model": "hire.interview",
        "pk": 150
    },
    {
        "fields": {
            "candidate": 50,
            "interviewer": 32,
            "score": 0,
            "score_max": 0,
            "skills": ""
        },
        "model": "hire.interview",
        "pk": 151
    },
    {
        "fields": {
            "candidate": 49,
            "interviewer": 33,
            "score": 5,
            "score_max": 25,
            "skills": ""
        },
        "model": "hire.interview",
        "pk": 152
    },
    {
        "fields": {
            "candidate": 50,
            "interviewer": 33,
            "score": 5,
            "score_max": 25,
            "skills": ""
        },
        "model": "hire.interview",
        "pk": 153
    },
    {
        "fields": {
            "candidate": 49,
            "interviewer": 34,
            "score": 0,
            "score_max": 0,
            "skills": ""
        },
        "model": "hire.interview",
        "pk": 154
    },
    {
        "fields": {
            "candidate": 50,
            "interviewer": 34,
            "score": 4,
            "score_max": 25,
            "skills": ""
        },
        "model": "hire.interview",
        "pk": 155
    },
    {
        "fields": {
            "candidate": 51,
            "interviewer": 32,
            "score": 0,
            "score_max": 0,
            "skills": ""
        },
        "model": "hire.interview",
        "pk": 156
    },
    {
        "fields": {
            "candidate": 51,
            "interviewer": 34,
            "score": 3,
            "score_max": 15,
            "skills": ""
        },
        "model": "hire.interview",
        "pk": 157
    },
    {
        "fields": {
            "candidate": 55,
            "interviewer": 39,
            "score": 4,
            "score_max": 85,
            "skills": ""
        },
        "model": "hire.interview",
        "pk": 160
    },
    {
        "fields": {
            "candidate": 55,
            "interviewer": 40,
            "score": 4,
            "score_max": 85,
            "skills": ""
        },
        "model": "hire.interview",
        "pk": 161
    },
    {
        "fields": {
            "candidate": 66,
            "interviewer": 29,
            "score": 3,
            "score_max": 25,
            "skills": ""
        },
        "model": "hire.interview",
        "pk": 170
    },
    {
        "fields": {
            "candidate": 66,
            "interviewer": 30,
            "score": 0,
            "score_max": 0,
            "skills": ""
        },
        "model": "hire.interview",
        "pk": 171
    },
    {
        "fields": {
            "candidate": 67,
            "interviewer": 36,
            "score": 0,
            "score_max": 45,
            "skills": ""
        },
        "model": "hire.interview",
        "pk": 172
    },
    {
        "fields": {
            "answer": "listen and help problem solve",
            "interview": 130,
            "notes": "",
            "question": 1345,
            "score": 4
        },
        "model": "hire.interviewresponse",
        "pk": 190
    },
    {
        "fields": {
            "answer": "self centered - egotistical - handle like others",
            "interview": 130,
            "notes": "",
            "question": 1361,
            "score": 4
        },
        "model": "hire.interviewresponse",
        "pk": 192
    },
    {
        "fields": {
            "answer": "",
            "interview": 130,
            "notes": "",
            "question": 1350,
            "score": 0
        },
        "model": "hire.interviewresponse",
        "pk": 195
    },
    {
        "fields": {
            "answer": "Was able to de-escalate.",
            "interview": 126,
            "notes": "",
            "question": 1345,
            "score": 4
        },
        "model": "hire.interviewresponse",
        "pk": 199
    },
    {
        "fields": {
            "answer": "People that don't listen.",
            "interview": 126,
            "notes": "",
            "question": 1361,
            "score": 3
        },
        "model": "hire.interviewresponse",
        "pk": 201
    },
    {
        "fields": {
            "answer": "",
            "interview": 126,
            "notes": "",
            "question": 1350,
            "score": 0
        },
        "model": "hire.interviewresponse",
        "pk": 204
    },
    {
        "fields": {
            "answer": "",
            "interview": 128,
            "notes": "",
            "question": 1345,
            "score": 0
        },
        "model": "hire.interviewresponse",
        "pk": 207
    },
    {
        "fields": {
            "answer": "",
            "interview": 128,
            "notes": "",
            "question": 1381,
            "score": 0
        },
        "model": "hire.interviewresponse",
        "pk": 208
    },
    {
        "fields": {
            "answer": "",
            "interview": 128,
            "notes": "",
            "question": 1361,
            "score": 0
        },
        "model": "hire.interviewresponse",
        "pk": 209
    },
    {
        "fields": {
            "answer": "",
            "interview": 128,
            "notes": "",
            "question": 1370,
            "score": 0
        },
        "model": "hire.interviewresponse",
        "pk": 210
    },
    {
        "fields": {
            "answer": "",
            "interview": 128,
            "notes": "",
            "question": 1350,
            "score": 0
        },
        "model": "hire.interviewresponse",
        "pk": 211
    },
    {
        "fields": {
            "answer": "",
            "interview": 127,
            "notes": "",
            "question": 1345,
            "score": 0
        },
        "model": "hire.interviewresponse",
        "pk": 212
    },
    {
        "fields": {
            "answer": "",
            "interview": 127,
            "notes": "",
            "question": 1381,
            "score": 0
        },
        "model": "hire.interviewresponse",
        "pk": 213
    },
    {
        "fields": {
            "answer": "",
            "interview": 127,
            "notes": "",
            "question": 1361,
            "score": 0
        },
        "model": "hire.interviewresponse",
        "pk": 214
    },
    {
        "fields": {
            "answer": "",
            "interview": 127,
            "notes": "",
            "question": 1370,
            "score": 0
        },
        "model": "hire.interviewresponse",
        "pk": 215
    },
    {
        "fields": {
            "answer": "",
            "interview": 127,
            "notes": "",
            "question": 1350,
            "score": 0
        },
        "model": "hire.interviewresponse",
        "pk": 216
    },
    {
        "fields": {
            "answer": "",
            "interview": 139,
            "notes": "",
            "question": 1391,
            "score": 0
        },
        "model": "hire.interviewresponse",
        "pk": 217
    },
    {
        "fields": {
            "answer": "",
            "interview": 139,
            "notes": "",
            "question": 1398,
            "score": 0
        },
        "model": "hire.interviewresponse",
        "pk": 218
    },
    {
        "fields": {
            "answer": "",
            "interview": 139,
            "notes": "",
            "question": 1387,
            "score": 0
        },
        "model": "hire.interviewresponse",
        "pk": 219
    },
    {
        "fields": {
            "answer": "",
            "interview": 139,
            "notes": "",
            "question": 1393,
            "score": 0
        },
        "model": "hire.interviewresponse",
        "pk": 220
    },
    {
        "fields": {
            "answer": "",
            "interview": 126,
            "notes": "",
            "question": 1381,
            "score": 0
        },
        "model": "hire.interviewresponse",
        "pk": 221
    },
    {
        "fields": {
            "answer": "",
            "interview": 126,
            "notes": "",
            "question": 1370,
            "score": 0
        },
        "model": "hire.interviewresponse",
        "pk": 222
    },
    {
        "fields": {
            "answer": "",
            "interview": 131,
            "notes": "",
            "question": 1345,
            "score": 0
        },
        "model": "hire.interviewresponse",
        "pk": 223
    },
    {
        "fields": {
            "answer": "",
            "interview": 131,
            "notes": "",
            "question": 1381,
            "score": 0
        },
        "model": "hire.interviewresponse",
        "pk": 224
    },
    {
        "fields": {
            "answer": "",
            "interview": 131,
            "notes": "",
            "question": 1361,
            "score": 0
        },
        "model": "hire.interviewresponse",
        "pk": 225
    },
    {
        "fields": {
            "answer": "",
            "interview": 131,
            "notes": "",
            "question": 1370,
            "score": 0
        },
        "model": "hire.interviewresponse",
        "pk": 226
    },
    {
        "fields": {
            "answer": "",
            "interview": 131,
            "notes": "",
            "question": 1350,
            "score": 0
        },
        "model": "hire.interviewresponse",
        "pk": 227
    },
    {
        "fields": {
            "answer": "",
            "interview": 134,
            "notes": "",
            "question": 1369,
            "score": 0
        },
        "model": "hire.interviewresponse",
        "pk": 228
    },
    {
        "fields": {
            "answer": "",
            "interview": 134,
            "notes": "",
            "question": 1370,
            "score": 0
        },
        "model": "hire.interviewresponse",
        "pk": 229
    },
    {
        "fields": {
            "answer": "",
            "interview": 134,
            "notes": "",
            "question": 1345,
            "score": 0
        },
        "model": "hire.interviewresponse",
        "pk": 230
    },
    {
        "fields": {
            "answer": "",
            "interview": 134,
            "notes": "",
            "question": 1350,
            "score": 0
        },
        "model": "hire.interviewresponse",
        "pk": 231
    },
    {
        "fields": {
            "answer": "",
            "interview": 134,
            "notes": "",
            "question": 1381,
            "score": 0
        },
        "model": "hire.interviewresponse",
        "pk": 232
    },
    {
        "fields": {
            "answer": "",
            "interview": 134,
            "notes": "",
            "question": 1361,
            "score": 0
        },
        "model": "hire.interviewresponse",
        "pk": 233
    },
    {
        "fields": {
            "answer": "Started Amazon.com",
            "interview": 150,
            "notes": "",
            "question": 1406,
            "score": 5
        },
        "model": "hire.interviewresponse",
        "pk": 234
    },
    {
        "fields": {
            "answer": "Seven different start ups",
            "interview": 150,
            "notes": "",
            "question": 1407,
            "score": 4
        },
        "model": "hire.interviewresponse",
        "pk": 235
    },
    {
        "fields": {
            "answer": "Never happened",
            "interview": 150,
            "notes": "",
            "question": 1401,
            "score": 1
        },
        "model": "hire.interviewresponse",
        "pk": 236
    },
    {
        "fields": {
            "answer": "All groups are tough",
            "interview": 150,
            "notes": "",
            "question": 1402,
            "score": 3
        },
        "model": "hire.interviewresponse",
        "pk": 237
    },
    {
        "fields": {
            "answer": "Attend ropes course.",
            "interview": 150,
            "notes": "",
            "question": 1405,
            "score": 2
        },
        "model": "hire.interviewresponse",
        "pk": 238
    },
    {
        "fields": {
            "answer": "Never done it",
            "interview": 152,
            "notes": "",
            "question": 1406,
            "score": 5
        },
        "model": "hire.interviewresponse",
        "pk": 239
    },
    {
        "fields": {
            "answer": "",
            "interview": 152,
            "notes": "",
            "question": 1407,
            "score": 0
        },
        "model": "hire.interviewresponse",
        "pk": 240
    },
    {
        "fields": {
            "answer": "",
            "interview": 152,
            "notes": "",
            "question": 1401,
            "score": 0
        },
        "model": "hire.interviewresponse",
        "pk": 241
    },
    {
        "fields": {
            "answer": "",
            "interview": 152,
            "notes": "",
            "question": 1402,
            "score": 0
        },
        "model": "hire.interviewresponse",
        "pk": 242
    },
    {
        "fields": {
            "answer": "",
            "interview": 152,
            "notes": "",
            "question": 1405,
            "score": 0
        },
        "model": "hire.interviewresponse",
        "pk": 243
    },
    {
        "fields": {
            "answer": "Created Apple",
            "interview": 153,
            "notes": "",
            "question": 1406,
            "score": 5
        },
        "model": "hire.interviewresponse",
        "pk": 244
    },
    {
        "fields": {
            "answer": "",
            "interview": 153,
            "notes": "",
            "question": 1407,
            "score": 0
        },
        "model": "hire.interviewresponse",
        "pk": 245
    },
    {
        "fields": {
            "answer": "",
            "interview": 153,
            "notes": "",
            "question": 1401,
            "score": 0
        },
        "model": "hire.interviewresponse",
        "pk": 246
    },
    {
        "fields": {
            "answer": "",
            "interview": 153,
            "notes": "",
            "question": 1402,
            "score": 0
        },
        "model": "hire.interviewresponse",
        "pk": 247
    },
    {
        "fields": {
            "answer": "",
            "interview": 153,
            "notes": "",
            "question": 1405,
            "score": 0
        },
        "model": "hire.interviewresponse",
        "pk": 248
    },
    {
        "fields": {
            "answer": "Apple, enough said",
            "interview": 155,
            "notes": "",
            "question": 1406,
            "score": 4
        },
        "model": "hire.interviewresponse",
        "pk": 249
    },
    {
        "fields": {
            "answer": "",
            "interview": 155,
            "notes": "",
            "question": 1407,
            "score": 0
        },
        "model": "hire.interviewresponse",
        "pk": 250
    },
    {
        "fields": {
            "answer": "",
            "interview": 155,
            "notes": "",
            "question": 1402,
            "score": 0
        },
        "model": "hire.interviewresponse",
        "pk": 251
    },
    {
        "fields": {
            "answer": "",
            "interview": 155,
            "notes": "",
            "question": 1405,
            "score": 0
        },
        "model": "hire.interviewresponse",
        "pk": 252
    },
    {
        "fields": {
            "answer": "",
            "interview": 155,
            "notes": "",
            "question": 1401,
            "score": 0
        },
        "model": "hire.interviewresponse",
        "pk": 253
    },
    {
        "fields": {
            "answer": "",
            "interview": 154,
            "notes": "",
            "question": 1406,
            "score": 0
        },
        "model": "hire.interviewresponse",
        "pk": 254
    },
    {
        "fields": {
            "answer": "",
            "interview": 154,
            "notes": "",
            "question": 1407,
            "score": 0
        },
        "model": "hire.interviewresponse",
        "pk": 255
    },
    {
        "fields": {
            "answer": "",
            "interview": 154,
            "notes": "",
            "question": 1402,
            "score": 0
        },
        "model": "hire.interviewresponse",
        "pk": 256
    },
    {
        "fields": {
            "answer": "",
            "interview": 154,
            "notes": "",
            "question": 1405,
            "score": 0
        },
        "model": "hire.interviewresponse",
        "pk": 257
    },
    {
        "fields": {
            "answer": "",
            "interview": 154,
            "notes": "",
            "question": 1401,
            "score": 0
        },
        "model": "hire.interviewresponse",
        "pk": 258
    },
    {
        "fields": {
            "answer": "I was a manager for seven years at HP.",
            "interview": 157,
            "notes": "",
            "question": 1406,
            "score": 3
        },
        "model": "hire.interviewresponse",
        "pk": 259
    },
    {
        "fields": {
            "answer": "",
            "interview": 157,
            "notes": "",
            "question": 1407,
            "score": 0
        },
        "model": "hire.interviewresponse",
        "pk": 260
    },
    {
        "fields": {
            "answer": "",
            "interview": 157,
            "notes": "",
            "question": 1401,
            "score": 0
        },
        "model": "hire.interviewresponse",
        "pk": 261
    },
    {
        "fields": {
            "answer": "fdhjskfsjfsafjdsdkshdsfhjk",
            "interview": 161,
            "notes": "",
            "question": 1597,
            "score": 4
        },
        "model": "hire.interviewresponse",
        "pk": 275
    },
    {
        "fields": {
            "answer": "",
            "interview": 161,
            "notes": "",
            "question": 1598,
            "score": 0
        },
        "model": "hire.interviewresponse",
        "pk": 276
    },
    {
        "fields": {
            "answer": "",
            "interview": 161,
            "notes": "",
            "question": 1599,
            "score": 0
        },
        "model": "hire.interviewresponse",
        "pk": 277
    },
    {
        "fields": {
            "answer": "",
            "interview": 161,
            "notes": "",
            "question": 1595,
            "score": 0
        },
        "model": "hire.interviewresponse",
        "pk": 278
    },
    {
        "fields": {
            "answer": "",
            "interview": 161,
            "notes": "",
            "question": 1582,
            "score": 0
        },
        "model": "hire.interviewresponse",
        "pk": 279
    },
    {
        "fields": {
            "answer": "",
            "interview": 161,
            "notes": "",
            "question": 1580,
            "score": 0
        },
        "model": "hire.interviewresponse",
        "pk": 280
    },
    {
        "fields": {
            "answer": "",
            "interview": 161,
            "notes": "",
            "question": 1587,
            "score": 0
        },
        "model": "hire.interviewresponse",
        "pk": 281
    },
    {
        "fields": {
            "answer": "",
            "interview": 161,
            "notes": "",
            "question": 1586,
            "score": 0
        },
        "model": "hire.interviewresponse",
        "pk": 282
    },
    {
        "fields": {
            "answer": "",
            "interview": 161,
            "notes": "",
            "question": 1584,
            "score": 0
        },
        "model": "hire.interviewresponse",
        "pk": 283
    },
    {
        "fields": {
            "answer": "",
            "interview": 161,
            "notes": "",
            "question": 1583,
            "score": 0
        },
        "model": "hire.interviewresponse",
        "pk": 284
    },
    {
        "fields": {
            "answer": "",
            "interview": 161,
            "notes": "",
            "question": 1589,
            "score": 0
        },
        "model": "hire.interviewresponse",
        "pk": 285
    },
    {
        "fields": {
            "answer": "",
            "interview": 161,
            "notes": "",
            "question": 1588,
            "score": 0
        },
        "model": "hire.interviewresponse",
        "pk": 286
    },
    {
        "fields": {
            "answer": "",
            "interview": 161,
            "notes": "",
            "question": 1594,
            "score": 0
        },
        "model": "hire.interviewresponse",
        "pk": 287
    },
    {
        "fields": {
            "answer": "",
            "interview": 161,
            "notes": "",
            "question": 1593,
            "score": 0
        },
        "model": "hire.interviewresponse",
        "pk": 288
    },
    {
        "fields": {
            "answer": "",
            "interview": 161,
            "notes": "",
            "question": 1592,
            "score": 0
        },
        "model": "hire.interviewresponse",
        "pk": 289
    },
    {
        "fields": {
            "answer": "",
            "interview": 161,
            "notes": "",
            "question": 1591,
            "score": 0
        },
        "model": "hire.interviewresponse",
        "pk": 290
    },
    {
        "fields": {
            "answer": "",
            "interview": 161,
            "notes": "",
            "question": 1590,
            "score": 0
        },
        "model": "hire.interviewresponse",
        "pk": 291
    },
    {
        "fields": {
            "answer": "lskdjfoasdiufoasdihfasdfas",
            "interview": 160,
            "notes": "",
            "question": 1597,
            "score": 4
        },
        "model": "hire.interviewresponse",
        "pk": 292
    },
    {
        "fields": {
            "answer": "",
            "interview": 160,
            "notes": "",
            "question": 1598,
            "score": 0
        },
        "model": "hire.interviewresponse",
        "pk": 293
    },
    {
        "fields": {
            "answer": "",
            "interview": 160,
            "notes": "",
            "question": 1599,
            "score": 0
        },
        "model": "hire.interviewresponse",
        "pk": 294
    },
    {
        "fields": {
            "answer": "",
            "interview": 160,
            "notes": "",
            "question": 1595,
            "score": 0
        },
        "model": "hire.interviewresponse",
        "pk": 295
    },
    {
        "fields": {
            "answer": "",
            "interview": 160,
            "notes": "",
            "question": 1582,
            "score": 0
        },
        "model": "hire.interviewresponse",
        "pk": 296
    },
    {
        "fields": {
            "answer": "",
            "interview": 160,
            "notes": "",
            "question": 1580,
            "score": 0
        },
        "model": "hire.interviewresponse",
        "pk": 297
    },
    {
        "fields": {
            "answer": "",
            "interview": 160,
            "notes": "",
            "question": 1587,
            "score": 0
        },
        "model": "hire.interviewresponse",
        "pk": 298
    },
    {
        "fields": {
            "answer": "",
            "interview": 160,
            "notes": "",
            "question": 1586,
            "score": 0
        },
        "model": "hire.interviewresponse",
        "pk": 299
    },
    {
        "fields": {
            "answer": "",
            "interview": 160,
            "notes": "",
            "question": 1584,
            "score": 0
        },
        "model": "hire.interviewresponse",
        "pk": 300
    },
    {
        "fields": {
            "answer": "",
            "interview": 160,
            "notes": "",
            "question": 1583,
            "score": 0
        },
        "model": "hire.interviewresponse",
        "pk": 301
    },
    {
        "fields": {
            "answer": "",
            "interview": 160,
            "notes": "",
            "question": 1589,
            "score": 0
        },
        "model": "hire.interviewresponse",
        "pk": 302
    },
    {
        "fields": {
            "answer": "",
            "interview": 160,
            "notes": "",
            "question": 1588,
            "score": 0
        },
        "model": "hire.interviewresponse",
        "pk": 303
    },
    {
        "fields": {
            "answer": "",
            "interview": 160,
            "notes": "",
            "question": 1594,
            "score": 0
        },
        "model": "hire.interviewresponse",
        "pk": 304
    },
    {
        "fields": {
            "answer": "",
            "interview": 160,
            "notes": "",
            "question": 1593,
            "score": 0
        },
        "model": "hire.interviewresponse",
        "pk": 305
    },
    {
        "fields": {
            "answer": "",
            "interview": 160,
            "notes": "",
            "question": 1592,
            "score": 0
        },
        "model": "hire.interviewresponse",
        "pk": 306
    },
    {
        "fields": {
            "answer": "",
            "interview": 160,
            "notes": "",
            "question": 1591,
            "score": 0
        },
        "model": "hire.interviewresponse",
        "pk": 307
    },
    {
        "fields": {
            "answer": "",
            "interview": 160,
            "notes": "",
            "question": 1590,
            "score": 0
        },
        "model": "hire.interviewresponse",
        "pk": 308
    },
    {
        "fields": {
            "answer": "OK story of working on presentation skil",
            "interview": 170,
            "notes": "",
            "question": 1956,
            "score": 3
        },
        "model": "hire.interviewresponse",
        "pk": 508
    },
    {
        "fields": {
            "answer": "",
            "interview": 170,
            "notes": "",
            "question": 1959,
            "score": 0
        },
        "model": "hire.interviewresponse",
        "pk": 509
    },
    {
        "fields": {
            "answer": "",
            "interview": 170,
            "notes": "",
            "question": 1965,
            "score": 0
        },
        "model": "hire.interviewresponse",
        "pk": 510
    },
    {
        "fields": {
            "answer": "",
            "interview": 170,
            "notes": "",
            "question": 1954,
            "score": 0
        },
        "model": "hire.interviewresponse",
        "pk": 511
    },
    {
        "fields": {
            "answer": "",
            "interview": 170,
            "notes": "",
            "question": 1961,
            "score": 0
        },
        "model": "hire.interviewresponse",
        "pk": 512
    },
    {
        "fields": {
            "answer": "",
            "interview": 172,
            "notes": "",
            "question": 1976,
            "score": 0
        },
        "model": "hire.interviewresponse",
        "pk": 513
    },
    {
        "fields": {
            "answer": "",
            "interview": 172,
            "notes": "",
            "question": 1977,
            "score": 0
        },
        "model": "hire.interviewresponse",
        "pk": 514
    },
    {
        "fields": {
            "answer": "",
            "interview": 172,
            "notes": "",
            "question": 1978,
            "score": 0
        },
        "model": "hire.interviewresponse",
        "pk": 515
    },
    {
        "fields": {
            "answer": "",
            "interview": 172,
            "notes": "",
            "question": 1979,
            "score": 0
        },
        "model": "hire.interviewresponse",
        "pk": 516
    },
    {
        "fields": {
            "answer": "",
            "interview": 172,
            "notes": "",
            "question": 1981,
            "score": 0
        },
        "model": "hire.interviewresponse",
        "pk": 517
    },
    {
        "fields": {
            "answer": "",
            "interview": 172,
            "notes": "",
            "question": 1980,
            "score": 0
        },
        "model": "hire.interviewresponse",
        "pk": 518
    },
    {
        "fields": {
            "answer": "",
            "interview": 172,
            "notes": "",
            "question": 1982,
            "score": 0
        },
        "model": "hire.interviewresponse",
        "pk": 519
    },
    {
        "fields": {
            "answer": "",
            "interview": 172,
            "notes": "",
            "question": 1984,
            "score": 0
        },
        "model": "hire.interviewresponse",
        "pk": 520
    },
    {
        "fields": {
            "answer": "",
            "interview": 172,
            "notes": "",
            "question": 1983,
            "score": 0
        },
        "model": "hire.interviewresponse",
        "pk": 521
    }
]
